"300 obtained, 0 missing (300 visible)",,Short URL: http://goo.gl/HxAzdJ  --  Item search: http://toukiden.surge.sh/itemsearch -- Mitama skill search: http://toukiden.surge.sh/mitamasearch -- To have your own editable checklist: File -> Make a Copy...,,,,,,,,,,,,,,,,,,,
#,Name,Obtained,New in Kiwami,Confirmed source,Type,Age,Source,Difficulty,Where to find,Skill 1,Skill 2,Skill 3,Skill 4,Skill 5,Skill 6,Skill 7,Skill 8,Skill 9,Skill 10,Skill 11,Skill 12
001,Abe no Hirafu,x,,x,DEF,Yore,Harrowhalf,Normal,"C5-7, P4-15",Recovery+ (Amplify),Vitality+ (Sturdy),Stamina (Lv. 2),Vitality (Time +5s),Protection (Lv. 2),Zeal (Stock +2),Panacea (Reduce),Protection (Lv. 3),DEF Master (Lure),Tranquility,Taunt+ (Protect),Protection of Heroes
002,Abe no Seimei,x,,x,SPT,Grace,Manhunter,Normal,"C1-7, C2-6, C2-10, C2-15, P1-7, P2-3, P2-12",Notice Destroyer,Verity (Lv.1),Pursuit+ (Bolster),Fountain (Stock +1),Eruption (Reduce),Pursuit (Stock +2),Pursuit+ (Devour),Eruption (Stock +1),Knowledge (Lv.3),SPT Master (Renewal),Chain,Eruption+ (Destroy)
003,Admiral Perry,x,x,x,PLN,Chaos,Edax,Ultimate,P13-12,Affliction (Lv. 4),Stone Wall,Lovestruck,Ablution+ (Wrath),Majesty,Insight,Ablution+ (Extend),Paradox+ (Surprise),Ablution+ (Restore),Paradox+ (Destroy),Intensity (Range),Exploit (Wrath)
004,Akechi Mitsuhide,x,,x,LCK,War,Cimmerian King,Normal,"C5-18, C5-19, P5-18",Desperation,Attack up (Lv.2),Random (Stock +2),Random+ (ATK Style),Verity (Lv.2),Fortune (Stock +2),Random (Reduce),Protection of Heroes,Leech+ (Amplify),Carnage+ (Martyr),ATK Master (Hardy),Attack up (Lv.4)
005,Amakusa Shiro,x,,x,HLG,Peace,Pyropteryx,Normal,"C3-5, C3-11, P3-4, P3-7",Extinguishment,Tolerance (Lv. 2),Recovery+ (Heal),Vitality (Stock +1),Devotion,Stamina (Lv. 2),Recovery (Stock +2),Zeal (Time +10s),Renewal (Lv. 2),HLG Master (Rally),Vitality+ (Bulwark),Recovery+ (Bonus)
006,Amaterasu,x,,x,SPC,Yore,Harrowhalf,Ex,P9-14,Paradox+ (Bolster),Evasion,Paradox (Stock +1),Devotion,Barrier+ (Link),Puncture (Reduce),Stupor (Reduce),Paradox (Time +5s),Paradox (Reduce),Paradox+ (Restrain),Barrier+ (Awe),Majesty
007,Ano Yasuko,x,,x,LCK,Honor,Pale Imp,Ex,C7-16,Assertion,Heroes' Rally,Recovery+ (Blessing),Random+ (DCT Style),Protection of Heroes,LCK Master (Random),Random+ (Cautious),Random (Stock +3),Puncture+ (Accuracy),Stupor (Time +2s),Random+ (Ward),Devastation
008,Arahabaki,x,x,x,PLN,Yore,Metagnost,Ultimate,P17-16,Master Destroyer,Insight,Ablution+ (Wrath),Agitation,PLN Master (Extend),Ablution+ (Nimble),Breaker+ (Link),Intensity (Time +10s),PLN Master (Amplify),Intensity (Insight),Intensity (Amplify),Intensity (Stock +2)
009,Arai Hakuseki,x,,x,SPC,Peace,Blitzer,Normal,"C3-7, P3-1",Notice Destroyer,Recovery (Stock +1),Stamina (Lv. 2),Sanctum (Stock +3),Zeal (Time +5s),Vitality (Time +5s),Conviction,Sanctum+ (Quicken),Vitality (Reduce),Vitality+ (Zone),Panacea+ (Quicken),Recovery (Stock +3)
010,Ariwara no Narihira,x,x,x,SPT,Grace,Onyxwing,Ex,"C11-9, C11-16, C12-5, P11-5, P11-17, P12-3",Fraternity,Pursuit+ (Devour),Altruism+ (Attrib.),Spin Doctor,SPT Master (Augument),Charity,Knowledge (Absorb),Diffusion+ (Assist),Diffusion+ (Reflect),Fountain+ (Assist),Eruption+ (Raid),Introspection
011,Ashikaga Takauji,x,,x,DEF,Honor,Jollux,Ex,"C6-9, C6-14, C11-6, P6-6, P6-12",Piety,Taunt (Reduce),Sanctum+ (Hardy),Sanctum (Reduce),Paradox+ (Link),Sanctum (Time +5s),Tolerance (Lv. 3),Protection (Lv. 4),Barrier (Time +10s),DEF Master (Protect),DEF Master (Resist),Exuberance
012,Ashikaga Yoshimasa,x,,x,DCT,Honor,Umbrapod,Normal,C3-13,Affliction (Lv. 1),Alertness,Stamina (Lv. 2),Puncture (Stock +1),Verity (Lv.2),Stupor (Stock +1),Stupor (Reduce),Puncture+ (Absorb),Affliction (Lv. 3),DCT Master (Sneak),Heroes' Rally,DCT Master (Assault)
013,Ashikaga Yoshimitsu,x,,x,SPD,Honor,Shadow Soul,Normal,C3-13,Protection (Lv. 2),Energy (Stock +1),Notice Destroyer,Agility (Stock +2),Application (Lv. 2),Taunt (Time +10s),Shield (Reduce),Devotion,Restoration (Lv. 3),Barrier+ (Link),Energy+ (Lure),Restoration (Lv. 4)
014,Ashikaga Yoshiteru,x,x,x,PLN,War,Pyropteryx,Normal,"C4-4, P4-3",Verity (Lv.1),Chain,Charge,Puncture+ (Accuracy),Gouge Master,Verity (Lv.3),Ablution (Stock +2),Stupor (Reduce),Reload speed+,Stupor+ (Destroy),Breaker+ (Havok),Swordsmanship
015,Ashiya Doman,x,,x,DCT,Grace,Drumble,Normal,"C1-3, P1-3",Affliction (Lv. 1),Verity (Lv.2),Fitness (Lv. 1),Tenacity,Illusion+ (Sturdy),Paradox (Time +5s),Puncture+ (Amplify),Puncutre (Stock +3),Stealth (Lv. 2),Random+ (DCT Style),Arcanum,Exploit (Wrath)
016,Aterui,x,,x,DEF,Grace,Manhunter,Ex,"C6-13, P6-1, P6-15, P9-16, P10-13",Persistence,Protection (Lv. 2),Chain,Recovery (Stock +2),Shield (Stock +2),Renewal (Lv. 2),Evasion,Barrier (Time +10s),Protection (Lv. 3),Barrier+ (Shred),Wrath,Barrier (Stock +1)
017,Benkei,x,,x,ATK,Honor,Chthonian Fiend,Normal,"C4-17, C5-11, P4-18, P5-3",Assertion,Attack up (Lv.2),Stamina (Lv. 2),Leech (Stock +2),Persistence,Taunt (Time +5s),Stamina (Lv. 3),Taunt+ (Damage),Taunt+ (Protect),Barrier (Time +10s),Carnage+ (Almighty),Man-at-Arms
018,Chacha,x,,x,SPT,War,Dreadhalf,Normal,P5-17,Eruption+ (Bolster),Ebullience,Pursuit+ (Absorb),Fountain (Stock +1),Attack up (Lv.2),Pursuit (Stock +1),Eruption (Reduce),Expert Destroyer,SPT Master (Renewal),SPT Master (Purify),Piety,Pursuit+ (Purify)
019,Chiba Sanako,x,,x,SPD,Chaos,Hell's Warden,Normal,"C5-12, C5-15, P5-5, P5-8",Restoration (Lv. 2),Energy (Stock +2),Verity (Lv.2),Random (Stock +1),Restoration (Lv. 3),Fortune+ (Swift),Random+ (SPD Style),Expert Destroyer,Restart,Vigor+ (Link),Falling Petals,Energy+ (Accuracy)
020,Chiba Shusaku,x,,x,SPC,Chaos,Manhunter,Ex,P10-4,Fervor,Charge,Paradox+ (Link),Paradox (Stock +1),Leech (Reduce),Paradox+ (Restrain),Leech+ (Quicken),Devotion,Paradox+ (Brawn),Tempered Blade,Chain,Prescience
021,Chikamatsu Monzaemon,x,x,x,SUP,Peace,Onyxwing,Ex,P12-11,Determination,Notice Destroyer,Intensity (Time +5s),Altruism+ (Wraith),Intensity+ (Reduce),Altruism+ (Accuracy),SUP Master (Amplify),Intensity (Range),Altruism (Stock +3),Swordsmanship,Intensity (Amplify),Expert Destroyer
022,Chosokabe Motochika,x,x,x,SPD,War,Petros,Ultimate,"P15-4, P17-4",Application (Lv. 4),Wrath,Energy+ (Accuracy),Lightspeed trust,Vigor+ (Nimble),Fervor,Prescience,Vigor+ (Wraith),Agility+ (Dual),Vigor+ (Destroy),Vigor+ (Special),Vigor (Stock +2)
023,Daikokuya Kodayu,x,,x,LCK,Peace,Bladewing,Normal,"C4-16, C5-2, P4-10, P4-13",Attack up (Lv.1),Fortune (Reduce),Stamina (Lv. 2),Random (Stock +1),Attack up (Lv.2),Fortune+ (Recover),Fortune+ (Kismet),Fortune (Time +10s),Fortune+ (Surprise),Random+ (Gamble),Exploit (Rage),Fortune+ (Amplify)
024,Date Masamune,x,,x,ATK,War,Dreadhalf,Ex,"C6-8, C7-18, C11-15, P6-13, S-19",Chain,Verity (Lv.2),Swordsmanship,Carnage (Stock +1),Fountain (Reduce),Leech+ (Absorb),Stealth (Lv. 2),Verity (Lv.3),Expert Destroyer,Fountain+ (Bolster),Mitama Pulse,Ebullience
025,Dokyo,x,,x,HLG,Grace,Bloodhunter,Normal,C4-7,Protection (Lv. 1),Zeal (Stock +2),Prescience,Shield (Stock +1),Taunt+ (Amity),Persistence,Barrier (Reduce),Tolerance (Lv. 3),Recuperation (Lv. 2),DEF Master (Protect),Surveyance,Exuberance
026,En no Ozunu,x,,x,SPC,Yore,Guardian Tree,-,,Recovery+ (Heal),Conviction,Recovery+ (Amplify),Paradox (Stock +1),Renewal (Lv. 2),Warp (Stock +15),Sanctum (Time +10s),Protection (Lv. 4),Stone Wall,Paradox (Time +5s),Paradox+ (Bolster),SPC Master (Extend)
027,Enomoto Takeaki,x,,x,SPT,Chaos,Bloodhunter,Normal,"C4-13, P4-17",Attack up (Lv.1),Devastation,Knowledge (Lv.2),Fountain (Stock +1),Fountain+ (Bolster),Eruption (Stock +1),Eruption (Reduce),Verity (Lv.3),Eruption+ (Bolster),Eruption+ (Raid),Verity (Lv.4),SPT Master (Havoc)
028,Fujiwara no Chikata,x,x,x,PLN,Grace,Chapter 10,-,,Lure (Lv. 1),Perseverance,Attack up (Lv.2),Breaker (Stock +2),Ablution+ (Potency),Breaker+ (Reduce),Prescience,Attack up (Lv.3),Breaker+ (Link),Ablution+ (Nimble),Devotion,Intensity+ (Destroy)
029,Fujiwara no Fuhito,x,x,x,SPC,Yore,Panthera,Ultimate,"C13-20, P13-13, P17-1",Wrath,Heroes' Rally,Sanctum (Stock +3),Sanctum+ (Amplify),Sacrifice (Reduce),Sanctum+ (Accuracy),Diffusion+ (Reduce),Sanctum+ (Swift),Diffusion+ (Quicken),Sanctum+ (Quicken),Sacrifice+ (Link),Protection of Heroes
030,Fujiwara no Hidehira,x,x,x,DEF,Honor,Snowflame,Ex,"C11-20, C12-11, P11-21, P12-8, P12-13",Haku Collector,Tranquility,Sacrifice (Reduce),Confrontation,Diffusion+ (Rigid),Taunt+ (Assist),Sacrifice+ (Spirit),Shield+ (Range),Sacrifice+ (Minimize),Shield+ (Link),DEF Master (Protect),Chance
031,Fujiwara no Hidesato,x,,x,DCT,Grace,Bloodhunter,Ex,"C6-10, C6-13, P8-6, P9-16, P10-13",Affliction (Lv. 2),Puncture+ (Amplify),Puncture (Time +5s),Puncutre (Stock +3),Affliction (Lv. 3),Devotion,Prescience,Might+ (Rage),Notice Destroyer,Might+ (Surprise),Puncture+ (Surprise),Exploit (Rage)
032,Fujiwara no Kusuko,x,x,x,PLN,Grace,Venom Queen,Ultimate,"P15-11, P15-14, DLC-8",Verity (Lv.4),Swiftness,Devastation,Ablution (Stock +3),Illusion+ (Sneak),Heroes' Rally,Ablution (Time +3s),DCT Master (Surprise),Ablution+ (Nimble),Exploit (Accuracy),Ablution+ (Restore),Exploit (Absorb)
033,Fujiwara no Michinaga,x,,x,SPC,Grace,Venom Queen,Ex,"C6-15, C6-17, P6-9, P6-14, P10-13",Renewal (Lv. 2),Relaxation,Piety,Warp (Stock +10),Heroes' Rally,Barrier+ (Brawn),SPC Master (Quicken),Warp+ (Flight),Protection (Lv. 3),Taunt+ (Damage),Chain,Protection of Heroes
034,Fujiwara no Sadaie,x,x,x,SUP,Honor,Snowflame,Ultimate,"P16-5, P17-3",Knowledge (Lv.4),Diffusion+ (Hardy),Protection of Heroes,Fountain (Reduce),Altruism+ (Qinggong),Fountain (Stock +3),Altruism+ (Attrib.),Knowledge (Absorb),SPT Master (Purify),Sacrifice+ (Rally),Fountain+ (Assist),Restart
035,Fujiwara no Sumitomo,x,,x,LCK,Grace,Bloodhunter,Normal,C4-7,Knowledge (Lv.1),Random+ (SPT Style),Heroes' Rally,Random (Stock +2),Pursuit+ (Bolster),Fountain (Stock +2),Spin Doctor,Attack up (Lv.3),Eruption (Reduce),Pursuit+ (Purify),SPT Master (Purify),Knowledge (Absorb)
036,Fujiwara no Yorimichi,x,x,x,SUP,Grace,Mynx,Ex,"C11-14, P11-18",Recuperation (Lv. 1),Diffusion+ (Reduce),Sanctum (Stock +2),Warp+ (Teleport),Diffusion+ (Assist),Recuperation (Lv. 2),Sanctum+ (Extend),Sanctum+ (Assist),Diffusion+ (Quicken),Warp+ (Assembly),SUP Master (Hardy),Bound Souls
037,Fukuzawa Yukichi,x,x,x,LCK,Chaos,Aurogrinder,Ultimate,,Haku Collector,Fortune+ (Amplify),Random (Stock +3),Haku Enthusiast,Fortune+ (Quicken),Fortune+ (Kismet),Fortune (Stock +3),Revival+ (Quicken),Fortune+ (Miracle),Revival+ (Blessing),Protection of Heroes,Revival (Stock +1)
038,Fuma Kotaro,x,,x,SPD,War,Amaranthine King,Ex,"C12-20, P10-16, P10-18, P10-20, P12-20",Chain,Whirlwind,Application (Lv. 2),Energy+ (Bonus),Energy (Stock +2),Dissection (Focus),Energy (Time +5s),Determination,Restoration (Lv. 3),Vigor+ (Link),Aerial Assault,Fervor
039,Genno,x,x,x,PLN,Honor,Snowflame,Ex,"C11-20, C12-11, P11-21, P12-8, P12-13",Notice Destroyer,Antidote,Tenacity,Expert Destroyer,Confrontation,Conviction,Earthshaker,Barrier+ (Awe),Intensity (Stock +1),Barrier+ (Wraith),Majesty,Insight
040,Go,x,,x,LCK,Peace,Blitzer,Ex,"C7-1, P9-5",Chance,LCK Master (Fortune),Fortune (Reduce),Recuperation (Lv. 2),Zeal+ (Valor),Fortune (Stock +3),Random (Stock +3),Panacea (Stock +1),Random+ (HLG Style),Fortune+ (Miracle),Vitality+ (Assist),Restart
041,Goto Matabei,x,,x,DEF,War,Cimmerian King,Ex,"C12-20, P9-19, P10-18",Charge,Verity (Lv.2),Puncture (Reduce),Shield (Stock +2),Puncture+ (Accuracy),Taunt+ (Damage),Devotion,Verity (Lv.3),Heroes' Rally,Barrier+ (Awe),Concentration,Prescience
042,Gyoki,x,x,x,HLG,Grace,Thanatoceros,Ultimate,"P15-5, P15-10, P17-2, DLC-9",Master Destroyer,Piety,Lifesaver,Renewal (Lv. 2),PLN Master (Extend),Breaker (Stock +3),Zeal+ (Wraith),Ablution+ (Potency),Insight,Panacea+ (Destroy),Majesty,Exuberance
043,Hachikazuki,x,x,x,SUP,Grace,Bloodhunter,Normal,C4-7,Verity (Lv.1),Dissection (Health),Altruism+ (Amplify),Altruism (Stock +2),Altruism+ (Wraith),Zeal (Time +5s),Zeal+ (Wraith),Verity (Lv.3),SUP Master (Amplify),Majesty,Zeal+ (Accuracy),Swordsmanship
044,Hasegawa Heizo,x,x,x,ATK,Peace,Maledictaur,Ex,"C10-15, C11-10, P11-16, P12-12",Attack up (Lv.3),Confrontation,Charge,Prescience,Breaker+ (Amplify),Devastation,Might+ (Nimble),PLN Master (Amplify),Attack up (Lv.4),Might+ (Rage),Conviction,Wrath
045,Hatakeyama Shigetada,x,,x,DEF,Honor,Chthonian Fiend,Normal,"C4-17, C5-11, P4-18, P5-3",Affliction (Lv. 2),Taunt (Stock +2),Stamina (Lv. 2),Puncture (Stock +1),Protection (Lv. 2),Ebullience,Illusion+ (Sturdy),Protection (Lv. 3),Determination,Stupor (Stock +1),Affliction (Lv. 4),Exploit (Absorb)
046,Hatsu,x,x,x,SUP,Peace,Maledictaur,Ex,"C10-15, C11-10, P11-16, P12-12",Knowledge (Lv.2),Recovery (Stock +2),Knowledge (Absorb),Altruism+ (Attrib.),Fortune+ (Gambler),Diffusion+ (Assist),Knowledge (Lv.3),Fortune+ (Assist),Random+ (SUP Style),Knowledge (Lv.4),Sacrifice+ (Link),Protection of Heroes
047,Hattori Hanzo,x,,x,SPD,War,Nightblade,Ex,P8-13,Chain,Gymnast,Energy (Stock +2),Swiftness,Stealth (Lv. 2),Energy (Reduce),Taunt+ (Swift),Tranquility,Application (Lv. 4),Energy+ (Swift),Arcanum,Heroes' Rally
048,Hieda no Are,x,x,x,SUP,Grace,Manhunter,Normal,"C1-7, C2-6, C2-10, C2-15, P1-7, P2-3, P2-12",Recuperation (Lv. 1),Diffusion (Stock +1),Conviction,Diffusion+ (Reduce),Recuperation (Lv. 2),Puncture (Stock +2),Diffusion+ (Assist),Illusion+ (Assist),Puncture+ (Surprise),Altruism+ (Nimble),Sacrifice+ (Link),Lowered Immunity
049,Hijikata Toshizo,x,,x,DEF,Chaos,Hell's Warden,Normal,"C5-12, C5-15, P5-5, P5-8",Protection (Lv. 2),Stone Wall,Alertness,Taunt (Stock +1),DEF Master (Augument),Recovery (Stock +2),DEF Master (Valiant),DEF Master (Lure),Protection (Lv. 3),Shield (Stock +3),Tolerance (Lv. 4),DEF Master (Resist)
050,Hikaru Genji,x,,x,HLG,Grace,Bladewing,Ex,"C7-7, P9-7",Piety,Recovery (Stock +2),Chance,Vitality+ (Amplify),Recovery+ (Blessing),LCK Master (Recover),Random (Reduce),Fortune+ (Recover),Stone Wall,Random+ (HLG Style),Recovery+ (Range),Vitality+ (Heal)
051,Himiko,x,,x,SPC,Yore,Viper Queen,Normal,"C4-11, C4-14, P4-5, P4-9",Alertness,Chain,Piety,Warp (Stock +5),Warp+ (Teleport),Sanctum (Stock +2),Fitness (Lv. 2),Sanctum+ (Amplify),Tolerance (Lv. 3),Sanctum (Time +10s),Sanctum+ (Assist),Paradox+ (Link)
052,Hino Tomiko,x,,x,LCK,Honor,Jollux,Ex,"C6-9, C6-14, C11-6, P6-6, P6-12",Protection (Lv. 2),Fortune+ (Kismet),Revival+ (Blessing),Fortune (Stock +3),Protection (Lv. 3),Stone Wall,Barrier (Stock +1),Fortune+ (Recover),Taunt (Time +10s),Barrier (Time +10s),Fortune+ (Blessing),Haku Enthusiast
053,Hiraga Gennai,x,,x,DCT,Peace,Umbrapod,Normal,"P3-1, S-16",Stealth (Lv. 1),Swordsmanship,Stamina (Lv. 2),Illusion (Stock +2),Verity (Lv.2),Fortune+ (Surprise),Random (Reduce),Affliction (Lv. 3),Protection of Heroes,Fortune (Stock +3),Illusion+ (Surprise),Exploit (Rage)
054,Hiruko,x,x,x,SPC,Yore,Metagnost,Ex,"P12-21, P12-22",Abyss,Assertion,Tenacity,Wrath,Heroes' Rally,SPC Master (Quicken),Sanctum+ (Accuracy),Sanctum+ (Extend),Paradox+ (Bolster),Paradox+ (Link),Protection of Heroes,Paradox (Time +10s)
055,Hojo Masako,x,,x,SPC,Honor,Umbrapod,Ex,C6-6,SPC Master (Purify),Sanctum+ (Quicken),Piety,Sanctum (Stock +2),Swiftness,Stamina (Lv. 4),Sanctum+ (Hardy),Shield (Reduce),Shield (Stock +3),Shield+ (Range),Sanctum (Time +10s),Restart
056,Hojo Soun,x,,x,DEF,War,Shadow Soul,Ex,"C6-7, P8-1, P9-19",Eruption (Stock +1),Fervor,Stamina (Lv. 2),Shield (Stock +2),Protection (Lv. 2),Pursuit (Stock +3),Devastation,Protection (Lv. 3),Barrier (Stock +1),Barrier (Time +10s),Stealth (Lv. 2),Wrath
057,Hojo Tokimune,x,,x,DCT,Honor,Harrowhalf,Ex,"C6-6, C6-14, C7-16, P6-7, P6-12",Affliction (Lv. 2),Swiftness,Restart,Fortune (Reduce),Affliction (Lv. 3),Random (Stock +2),Puncutre (Stock +3),Stupor (Stock +1),Random+ (DCT Style),Fortune+ (Accuracy),Exploit (Accuracy),Fervor
058,Hojo Ujiyasu,x,x,x,ATK,War,Chapter 12,-,,Expert Destroyer,Fraternity,Breaker+ (Amplify),Swordsmanship,Affliction (Lv. 4),Great Ambition,Charity,Intensity (Amplify),Intensity (Insight),Carnage+ (Destroy),Exploit (Rage),Insight
059,Honda Tadakatsu,x,,x,DEF,War,Astrapteryx,Ex,"C7-9, P7-9, P10-9",Chain,Ebullience,Prescience,Taunt+ (Damage),Dissection (Health),Shield+ (Valiant),Verity (Lv.3),Heroes' Rally,Expert Destroyer,DEF Master (Augument),DEF Master (Lure),Verity (Lv.4)
060,Honganji Kennyo,x,,x,SPT,War,Edax,Normal,C5-5,Attack up (Lv.2),Chain,Fitness (Lv. 1),Pursuit (Stock +2),Knowledge (Lv.2),Sanctum (Stock +2),Agitation,Expert Destroyer,Prescience,Paradox+ (Bolster),SPT Master (Havoc),Attack up (Lv.4)
061,Hosokawa Gracia,x,,x,HLG,War,Dreadhalf,Normal,P5-17,Recuperation (Lv. 1),Chain,Vitality+ (Heal),Zeal (Stock +1),Recovery (Stock +2),Vitality (Stock +2),Vitality+ (Rigid),Vitality (Time +5s),Zeal+ (Rage),Vitality+ (Amplify),Recovery+ (Blessing),Zeal+ (Amplify)
062,Hosokawa Katsumoto,x,x,x,DCT,Honor,Phytodior,Ultimate,"C13-12, P13-5, P17-3",Verity (Lv.4),Chain,Wrath,Breaker+ (Amplify),Puncture+ (Attrib.),Breaker (Time +10s),DCT Master (Wraith),Breaker+ (Havok),Restart,DCT Master (Assault),Swordsmanship,Fervor
063,Hozoin In'ei,x,,x,SPC,War,Hell's Warden,Ex,"C7-18, C11-18, P8-13, P9-2, P10-20, P11-12",Knowledge (Lv.2),Chain,Zeal+ (Swift),Paradox (Stock +1),Vitality (Stock +2),Eruption (Stock +1),Zeal (Stock +2),Knowledge (Lv.3),Eruption+ (Raid),Fortification,Prescience,Knowledge (Absorb)
064,Ibaraki Doji,x,x,x,LCK,Grace,Chapter 12,-,,Dissection (Health),Fortune+ (Amplify),Exigency,Infusion,Random+ (Ward),Random (Stock +3),Fortune+ (Blessing),Random+ (Gamble),Fortune+ (Gambler),Fortune+ (Miracle),Exuberance,Revival+ (Quicken)
065,Icho Ofuji,x,x,x,HLG,Peace,Pyropteryx,Ultimate,P14-1,Recovery+ (Amplify),Charity,Vitality (Stock +3),Dancing Grace,Protection of Heroes,HLG Master (Cure),Vitality+ (Assist),HLG Master (Quicken),HLG Master (Rally),Panacea (Stock +1),Exuberance,Recovery (Stock +3)
066,Ii Naosuke,x,,x,DCT,Chaos,Pyropteryx,Normal,C5-1,Stealth (Lv. 1),Stupor (Reduce),Swiftness,Illusion (Stock +2),Verity (Lv.2),Puncture (Stock +2),Tenacity,Affliction (Lv. 3),Stealth (Lv. 2),Might+ (Surprise),Exploit (Absorb),Exploit (Rage)
067,Ikkyu,x,,x,SPC,Honor,Edax,Ex,"C6-12, C12-3, P8-14, P10-15, P12-6",Sanctum+ (Quicken),Evasion,Protection of Heroes,Paradox+ (Link),Paradox (Reduce),Revival+ (Blessing),Random (Reduce),Fortune+ (Quicken),Fortune (Time +10s),Random+ (SPC Style),Restart,Paradox+ (Attract)
068,Ikumatsu,x,x,x,SUP,Chaos,Putrox,Ex,"C9-6, C12-8, P11-1, P12-9",Lifesaver,Relaxation,Conviction,Diffusion+ (Rigid),Bound Souls,Stamina (Lv. 3),Altruism+ (Amplify),Diffusion+ (Reflect),SUP Master (Hardy),Recovery+ (Blessing),Stamina (Lv. 4),Recovery+ (Range)
069,Ino Tadataka,x,x,x,SUP,Peace,Pyropteryx,Normal,"C3-5, C3-11, P3-4, P3-7",Swiftness,Determination,Diffusion (Stock +1),Surveyance,Diffusion+ (Swift),Sanctum+ (Assist),Diffusion+ (Quicken),Sanctum+ (Swift),Warp+ (Assembly),Altruism+ (Qinggong),Warp (Stock +15),Protection of Heroes
070,Inugami No Mitasuki,x,,x,LCK,Yore,Sableblade,Ex,"C7-15, C7-17, P7-8, P10-8",Desperation,LCK Master (Fortune),Stamina (Lv. 3),Barrier+ (Link),Protection (Lv. 3),Fortune+ (Sturdy),Shield+ (Range),Restart,Fortune+ (Blessing),Random (Stock +3),Taunt+ (Sturdy),Chance
071,Ishida Mitsunari,x,,x,LCK,War,Edax,Normal,C5-5,Attack up (Lv.1),Fortune+ (Kismet),Stamina (Lv. 2),Fortune (Stock +1),Attack up (Lv.2),Might (Stock +2),Carnage (Stock +1),LCK Master (Revival),Protection of Heroes,Revival+ (Blessing),Sacrifice (Stock +1),Attack up (Lv.4)
072,Ishikawa Goemon,x,,x,LCK,War,Blitzer,Normal,C2-12,Attack up (Lv.1),Fervor,Stamina (Lv. 2),Random (Stock +2),Random+ (Gamble),Restart,Incandescence,LCK Master (Random),Fortune (Stock +2),Fortune+ (Miracle),Devotion,Prescience
073,Issun-boshi,x,,x,LCK,Honor,Pale Aurwing,Ex,C6-2,Chance,Attack up (Lv.1),Determination,Fortune (Stock +2),Haku Collector,Agility (Stock +2),Energy (Reduce),Ebullience,Fortune+ (Miracle),Energy+ (Accuracy),Fortune+ (Kismet),Protection of Heroes
074,Itagaki Taisuke,x,x,x,DEF,Chaos,Hell's Warden,Ultimate,"P16-1, P16-14",Protection (Lv. 4),Taunt+ (Damage),Barrier (Stock +1),Earthshaker,DEF Master (Protect),Barrier (Time +10s),Taunt+ (Protect),Barrier+ (Wraith),Shield+ (Link),Barrier+ (Shred),Majesty,Barrier (Stock +2)
075,Iwakura Tomomi,x,x,x,SPD,Chaos,Glaciabella,Ex,"C9-10, C10-6, C12-8, P12-9",Vigor (Time +5s),Charity,Tenacity,Readiness,Vigor (Time +10s),Breaker (Stock +3),Breaker (Time +10s),PLN Master (Amplify),Agility+ (Dual),Vigor+ (Assist),PLN Master (Extend),Bound Souls
076,Iwasaki Yataro,x,,x,LCK,Chaos,Pyrogrinder,Normal,"C5-16, P5-9",Attack up (Lv.2),Fervor,Chance,Fortune (Stock +2),Protection (Lv. 3),Random (Stock +2),Fortune (Reduce),Fortune+ (Amplify),Restart,Attack up (Lv.3),Fortune+ (Assist),Haku Enthusiast
077,Iyo,x,,x,HLG,Yore,Nightblade,Normal,"C5-17, P5-10, P5-16",Renewal (Lv.1),Vitality (Reduce),Recovery (Stock +1),Zeal (Stock +1),Tolerance (Lv.2),Vitality+ (Heal),Dissection (Health),Vitality (Time +10s),Vitality+ (Sturdy),Vitality+ (Amplify),,
078,Izanagi,x,,x,SPD,Yore,Skyshredder,Ex,"C7-17, C11-5",Wrath,Fitness (Lv. 2),Vigor (Stock +1),Zeal+ (Rage),Zeal+ (Ardor),Devotion,Zeal (Time +10s),Heroes' Rally,Vigor (Time +10s),Vigor+ (Special),Vigor+ (Sneak),Fervor
079,Izanami,x,,x,DCT,Yore,Pyrogrinder,Ex,"C7-17, P8-3",Swiftness,Chain,Charge,Puncture+ (Accuracy),Devastation,Stupor (Time +2s),Verity (Lv.3),DCT Master (Assault),Affliction (Lv. 4),Fountain+ (Surprise),Exploit (Absorb),Wrath
080,Izumi Shikibu,x,,x,LCK,Grace,Dreadhalf,Ex,"C6-11, C7-12, P7-12, P8-2, P10-5",Swiftness,Restoration (Lv. 3),Expert Destroyer,Random (Stock +2),Fortune+ (Swift),Energy (Time +10s),Energy+ (Swift),Random+ (SPD Style),Vigor+ (Special),Vigor+ (Link),Determination,Restoration (Lv. 4)
081,Izumo no Okuni,x,,x,SPT,War,Chapter 4,-,,Attack up (Lv.1),Antidote,Knowledge (Lv.2),Pursuit (Stock +1),Attack up (Lv.2),Pursuit+ (Bolster),Pursuit+ (Leech),Knowledge (Lv.3),SPT Master (Augument),SPT Master (Rigid),Pursuit+ (Purify),Armory
082,Izumo Takeru,x,,x,DEF,Yore,Skyshredder,Normal,"C5-14, P5-7",Might+ (Sturdy),Attack up (Lv.2),Protection (Lv. 2),Taunt (Stock +2),Barrier (Stock +1),Might (Stock +2),Carnage (Reduce),Protection (Lv. 3),DEF Master (Rigid),Barrier+ (Link),Taunt+ (Damage),Protection (Lv. 4)
083,Jianzhen,x,,x,LCK,Grace,Skyshredder,Normal,C5-9,Knowledge (Lv.1),Fitness (Lv. 1),Renewal (Lv. 1),Random+ (SPC Style),Random (Stock +2),Sanctum+ (Hardy),Warp+ (Flight),Sanctum+ (Accuracy),Fortune+ (Remove),Heroes' Rally,Fortune+ (Accuracy),Devastation
084,Jigoku Dayu,x,x,x,SPT,Honor,Mynx,Ex,P11-4,Attack up (Lv.3),Pursuit+ (Bolster),Assertion,Abyss,Knowledge (Lv.3),Fountain+ (Exploit),Fountain+ (Bolster),Attack up (Lv.4),Knowledge (Lv.4),Knowledge (Leech),Devotion,SPT Master (Devote)
085,Jippensha Ikku,x,x,x,PLN,Peace,Caterwauler,Ultimate,"C13-22, C13-23, P13-15, P13-16, P17-5",Relaxation,Breaker+ (Reduce),Fortune+ (Amplify),Ablution+ (Reduce),Fortune+ (Accuracy),Fortune+ (Wraith),Ablution+ (Restore),Fortune+ (Surprise),Fortune+ (Miracle),Intensity+ (Destroy),Exploit (Wrath),Protection of Heroes
086,Jiraiya,x,,x,DCT,Peace,Chapter 5,-,,Affliction (Lv. 2),Fervor,Restoration (Lv. 2),Puncture (Stock +2),Illusion (Reduce),Warp+ (Accuracy),Puncture (Reduce),Charge,Gymnast,Puncture (Time +10s),DCT Master (Assault),Heroes' Rally
087,John Manjiro,x,,x,SPC,Chaos,Pyrogrinder,Normal,"C5-16, P5-9",Protection of Heroes,Fortune (Time +10s),Piety,Sanctum (Stock +2),Fitness (Lv. 2),Random (Stock +2),Devotion,Tolerance (Lv. 3),Restart,Fortune+ (Blessing),Escort Duty,Introspection
088,Kajiwara Kagetoki,x,,x,SPD,Honor,Bloodhunter,Normal,P4-12,Protection (Lv. 1),Fervor,Verity (Lv.2),Energy (Stock +2),Application (Lv. 2),Zeal (Stock +2),Taunt+ (Swift),Verity (Lv.3),Recovery (Stock +2),Shield+ (Link),Dissection (Focus),Charge
089,Kakinomoto no Hitomaro,x,,x,SPD,Yore,Terragrinder,Normal,"C4-8, C5-6, P4-8, P5-15",Attack up (Lv.1),Shield (Stock +1),Swiftness,Carnage (Reduce),Application (Lv. 2),Energy (Stock +2),Attack up (Lv.3),Verity (Lv.3),Expert Destroyer,Might+ (Nimble),Vigor+ (Wraith),Swordsmanship
090,Kamiizumi Nobutsuna,x,,x,SPC,War,Sickleclaws,Ex,"C6-3, P6-3",Fitness (Lv. 2),Chain,Heroes' Rally,Fountain+ (Bolster),Paradox+ (Brawn),Pursuit+ (Bolster),Fountain+ (Attract),Paradox+ (Bolster),SPT Master (Devote),Paradox+ (Link),Gouge Master,Prescience
091,Kamo no Chomei,x,,x,DCT,Honor,Windshredder,Ex,"C8-5, P6-2, P6-10, P6-16, P9-17",Swiftness,Affliction (Lv. 2),Energy (Reduce),Stupor (Stock +1),Affliction (Lv. 3),Energy (Time +10s),Expert Destroyer,Agility+ (Sneak),Stupor (Reduce),Vigor+ (Sneak),Energy+ (Exploit),Exploit (Wrath)
092,Kamo no Tadayuki,x,,x,DCT,Grace,Dreadhalf,Ex,"C6-11, C7-12, P7-12, P8-2, P10-5",Protection (Lv. 2),Illusion+ (Sturdy),Protection (Lv. 3),DCT Master (Sneak),Puncture+ (Amplify),Taunt (Stock +2),Taunt (Time +10s),DEF Master (Lure),DEF Master (Resist),Illusion (Stock +3),Illusion+ (Surprise),Exploit (Leech)
093,Kano Eitoku,x,,x,SPT,War,Umbrapod,Normal,"C5-5, S-3, S-12, S-15",Knowledge (Lv.1),Fountain+ (Attract),Determination,Knowledge (Lv.2),Attack up (Lv.2),Leech+ (Wraith),Might (Reduce),Verity (Lv.3),Fountain (Stock +3),Eruption+ (Accuracy),Leech+ (Havoc),Swordsmanship
094,Kasamori Osen,x,,x,LCK,Peace,Viper Queen,Normal,"C5-10, P5-2",Recovery+ (Bonus),Relaxation,Random (Stock +2),LCK Master (Recover),Lifesaver,Recovery (Stock +2),Recovery+ (Heal),Warmth,Tolerance (Lv. 3),Recovery+ (Range),Recovery+ (Amplify),Recovery (Stock +3)
095,Kashinkoji,x,x,x,DCT,War,Petros,Ex,"C10-9, C11-1, P11-14",Affliction (Lv. 3),Exigency,Ablution (Stock +2),Stupor (Stock +1),Affliction (Lv. 4),Puncture+ (Accuracy),Ablution+ (Wrath),DCT Master (Assault),PLN Master (Amplify),Stupor+ (Destroy),Intensity (Amplify),Exploit (Wrath)
096,Katsu Kaishu,x,,x,SPC,Chaos,Hell's Warden,Normal,"C5-12, C5-15, P5-5, P5-8",Sanctum (Stock +1),Assertion,Piety,Warp (Stock +5),Fitness (Lv. 2),Sanctum+ (Accuracy),Sanctum (Reduce),Sanctum (Time +5s),Tolerance (Lv. 3),Sanctum+ (Quicken),Breakthrough,Sanctum (Stock +3)
097,Katsura Kogoro,x,,x,LCK,Chaos,Bloodhunter,Normal,"C4-13, P4-17",Attack up (Lv.1),LCK Master (Recover),Conviction,Fortune (Stock +1),Random+ (Cautious),Random (Stock +2),Random (Reduce),Devotion,LCK Master (Random),Attack up (Lv.3),Recovery+ (Bonus),Random+ (Ward)
098,Katsushika Hokusai,x,,x,DEF,Peace,Jollux,Normal,C4-9,Lure (Lv. 1),Swiftness,Stamina (Lv. 2),Shield (Stock +2),Protection (Lv. 2),Vigor+ (Special),Energy (Reduce),Restoration (Lv. 3),Persistence,Vigor+ (Rigid),Restoration (Lv. 4),Determination
099,Keishoin,x,,x,SPT,Peace,Astrapteryx,Normal,"C5-8, S-16",Attack up (Lv.1),Notice Destroyer,Knowledge (Lv.2),Dissection (Focus),Might+ (Attributes),Might (Stock +2),Carnage (Reduce),Knowledge (Lv.3),Heroes' Rally,Carnage+ (Destroy),SPT Master (Havoc),Swordsmanship
100,Ki no Tsurayuki,x,,x,SPT,Grace,Skyshredder,Normal,C5-9,Protection (Lv. 1),Pursuit (Stock +2),Knowledge (Lv.2),Persistence,Attack up (Lv.2),Shield (Stock +2),Barrier (Reduce),Attack up (Lv.3),Taunt+ (Protect),Barrier+ (Shred),Fountain+ (Assist),Charity
101,Kibi no Makibi,x,x,x,LCK,Grace,Onyxwing,Ultimate,"P16-4, P16-20, P17-2",Extinguishment,Prescience,Random (Stock +3),Exploit (Rage),Fortune+ (Surprise),Random+ (SPC Style),Paradox+ (Bolster),Random+ (DCT Style),Stupor (Time +2s),Random+ (SPT Style),Eruption+ (Bolster),Fortune+ (Blessing)
102,Kiichi Hogen,x,,x,DEF,Honor,Chapter 5,-,,Chain,DEF Master (Valiant),Taunt (Stock +2),SPT Master (Rigid),Tenacity,Fountain (Stock +2),Eruption (Reduce),Fitness (Lv. 2),Prescience,SPT Master (Devote),Knowledge (Lv.4),Knowledge (Leech)
103,Kirigakure Saizo,x,x,x,SPC,War,Amaranthine King,Ultimate,P16-13,Restart,Chain,Warp (Bonus),Great Ambition,Warp (Stock +15),Paradox+ (Bolster),Paradox (Stock +1),Warp+ (Accuracy),Heroes' Rally,Paradox (Time +5s),SPC Master (Extend),Paradox (Stock +2)
104,Kiso Yoshinaka,x,,x,ATK,Honor,Chthonian Fiend,Normal,"C4-17, C5-11, P4-18, P5-3",Warmth,Attack up (Lv.2),Might+ (Surprise),Puncture+ (Accuracy),Illusion (Stock +1),Dissection (Focus),Puncture (Reduce),Leech (Stock +2),Attack up (Lv.3),Leech (Time +10s),Exploit (Absorb),Exploit (Rage)
105,Kitabatake Akiie,x,x,x,SPD,Honor,Phytodior,Ex,"C8-6, C10-2, P11-4",Swiftness,Expert Destroyer,Energy+ (Swift),Energy+ (Quicken),Whirlwind,Intensity+ (Reduce),Ablution+ (Quicken),Swordsmanship,Ablution+ (Wrath),Vigor+ (Destroy),Intensity+ (Link),Insight
106,Komatsu Tatewaki,x,x,x,SUP,Chaos,Nightstorm,Ultimate,"P15-22, P16-10, P17-6",Dissection (Health),Altruism+ (Reduce),Recuperation (Lv. 2),Lifebringer,Altruism+ (Nimble),Expert Destroyer,Altruism+ (Accuracy),Altruism+ (Wraith),Recovery+ (Amplify),Altruism+ (Destroy),Altruism+ (Qinggong),Majesty
107,Kondo Isami,x,,x,ATK,Chaos,Hell's Warden,Ex,"C7-14, C9-5, P7-7, P8-16",Tenacity,Attack up (Lv.2),Chain,Leech (Stock +2),Swordsmanship,Random (Stock +2),Fortune (Time +5s),Random+ (ATK Style),Restart,Fortune+ (Accuracy),Leech+ (Wraith),Master Destroyer
108,Konohanasakuya,x,x,x,SUP,Yore,Screecher,Ultimate,"C13-13, P13-6, P17-1",Extinguishment,Bound Souls,Altruism+ (Reduce),HLG Master (Cure),Diffusion+ (Assist),Panacea (Reduce),Altruism+ (Nimble),Vitality+ (Assist),Altruism+ (Destroy),Majesty,Panacea+ (Destroy),Charity
109,Kukai,x,,x,SPC,Grace,Viper Queen,Ex,"C6-5, C6-17, P6-14, P10-13",Fitness (Lv. 1),Sanctum+ (Accuracy),Piety,Warp (Stock +5),Fitness (Lv. 2),Warp+ (Reverse),Sanctum (Reduce),Sanctum (Time +10s),SPC Master (Purify),Paradox+ (Restrain),Sanctum+ (Quicken),SPC Master (Quicken)
110,Kumaso Takeru,x,,x,LCK,Yore,Skyshredder,Normal,"C5-14, P5-7",Affliction (Lv. 1),Fervor,Chance,Random (Stock +2),Fortune+ (Amplify),Fortune+ (Kismet),Fortune (Time +5s),Verity (Lv.3),Puncture (Stock +2),DCT Master (Assault),Fortune+ (Accuracy),Verity (Lv.4)
111,Kunisada Chuji,x,,x,LCK,Peace,Astrapteryx,Normal,"C5-8, S-16",Attack up (Lv.1),Fortune (Time +5s),Chain,Fortune (Stock +2),SPT Master (Devote),Eruption+ (Accuracy),Desperation,Attack up (Lv.3),Fortune+ (Wraith),Fountain+ (Bolster),Fortune+ (Blessing),Swordsmanship
112,Kuroda Kanbei,x,x,x,SPT,War,Petros,Ex,"C10-9, C11-1, P11-14",Knowledge (Lv.3),Swiftness,Swordsmanship,Ablution+ (Potency),Eruption+ (Accuracy),SPT Master (Havoc),Ablution+ (Restore),Ablution (Time +3s),Heroes' Rally,Knowledge (Lv.4),Knowledge (Absorb),Devastation
113,Kusaka Genzui,x,,x,SPT,Chaos,Cimmerian King,Ex,P9-12,Pursuit+ (Devour),Extinguishment,Lifesaver,Recovery+ (Range),Stamina (Lv. 3),Recovery (Stock +2),Recovery+ (Heal),Recovery+ (Bonus),Pursuit (Stock +3),SPT Master (Augument),Piety,Recovery (Stock +3)
114,Kusumoto Ine,x,x,x,HLG,Chaos,Glaciabella,Ex,"C9-10, C10-6, C12-8, P12-9",Fraternity,Lifesaver,Renewal (Lv. 2),Vitality+ (Assist),HLG Master (Cure),Protection of Heroes,Recovery+ (Range),Zeal+ (Valor),Vitality+ (Zone),Panacea (Stock +1),Panacea+ (Quicken),Charity
115,Kusunoki Masashige,x,,x,ATK,Honor,Jollux,Normal,C5-3,Affliction (Lv. 1),Might (Stock +1),Stamina (Lv. 2),Wrath,Attack up (Lv.2),Puncture (Stock +2),Stupor (Reduce),Affliction (Lv. 3),Stealth (Lv. 2),DCT Master (Assault),Devastation,Determination
116,Kuzunoha,x,,x,HLG,Grace,Shadow Soul,Ex,C6-13,Zeal+ (Valor),Chain,Application (Lv. 3),Zeal (Stock +3),Zeal (Time +5s),Fortune (Stock +3),Restoration (Lv. 3),Fortune+ (Miracle),Fortune+ (Bonus),HLG Master (Rally),Zeal+ (Attributes),Ebullience
117,Kyokutei Bakin,x,x,x,DCT,Peace,Screecher,Ex,P12-11,Affliction (Lv. 3),Puncture (Stock +2),Illusion+ (Hardy),Altruism+ (Surprise),DCT Master (Sneak),Illusion+ (Surprise),Altruism+ (Nimble),Puncture+ (Surprise),Altruism+ (Accuracy),DCT Master (Surprise),SUP Master (Hardy),Exploit (Leech)
118,Lady Atsu,x,,x,HLG,Chaos,Manhunter,Normal,"C4-13, P4-17",Zeal+ (Wraith),Relaxation,Application (Lv. 3),Tolerance (Lv. 3),Vitality (Stock +3),Recuperation (Lv. 2),Vitality (Reduce),Stamina (Lv. 4),Zeal+ (Rage),Panacea (Stock +1),Vitality+ (Assist),Panacea+ (Destroy)
119,Lady Fuse,x,,x,SPC,Peace,Astrapteryx,Ex,"C7-13, C11-11, P7-13, P8-9, P10-10",Sanctum+ (Quicken),Chain,Piety,Sanctum (Stock +3),Sanctum (Reduce),Sanctum+ (Amplify),Energy (Time +10s),Agility (Stock +2),Application (Lv. 4),Agility+ (Quicken),Sanctum+ (Extend),Protection of Heroes
120,Lady Hangaku,x,x,x,ATK,Honor,Abyssal Fiend,Ultimate,"P15-13, P15-16, P17-17",Expert Destroyer,Heroes' Rally,Prescience,Three Arrows,Might+ (Nimble),Leech+ (Absorb),ATK Master (Amplify),Leech+ (Wraith),Leech+ (Amplify),Might+ (Havoc),Majesty,Leech+ (Havoc)
121,Lady Iga,x,x,x,PLN,Honor,Chthonian Fiend,Normal,"C4-17, C5-11, P4-18, P5-3",Renewal (Lv. 1),Stamina (Lv. 2),Muscle-bound,Altruism+ (Accuracy),Attack up (Lv.3),Breaker (Time +10s),Altruism+ (Amplify),PLN Master (Amplify),Altruism+ (Wraith),Attack up (Lv.4),Breaker+ (Havok),Charge
122,Lady Ina,x,x,x,SPD,War,Phytodior,Ex,"C12-9, P11-2, P12-4",Fervor,Swordsmanship,Prescience,Conduction,Altruism+ (Amplify),Energy+ (Quicken),Altruism (Time +10s),Energy+ (Accuracy),Altruism+ (Accuracy),Energy+ (Range),Altruism+ (Qinggong),Majesty
123,Lady Kaguya,x,,x,DEF,Grace,Bloodhunter,Normal,C4-7,Chance,Relaxation,Stamina (Lv. 2),Shield (Stock +2),Taunt+ (Amity),Recovery (Stock +2),Stone Wall,Vitality+ (Rigid),Vitality (Stock +2),Protection (Lv. 3),Vitality+ (Assist),Exuberance
124,Lady Kai,x,x,x,SUP,War,Stealthwing,Ultimate,"P14-22, P17-4",Stamina (Lv. 4),Charge,Swordsmanship,Butterfly Dance,SUP Master (Hardy),Exuberance,Sacrifice (Time +10s),Diffusion+ (Hardy),Majesty,Sacrifice+ (Rally),Sacrifice+ (Leech),Sacrifice (Stock +2)
125,Lady Kasuga,x,,x,SPT,Peace,Viper Queen,Normal,"C5-10, P5-2",Wrath,Attack up (Lv.2),Knowledge (Lv.2),Pursuit (Stock +2),Pursuit+ (Accuracy),Verity (Lv.2),Eruption+ (Accuracy),Devotion,Expert Destroyer,Knowledge (Lv.4),Energy+ (Accuracy),Verity (Lv.4)
126,Lady Kushinada,x,x,x,HLG,Yore,Screecher,Ex,"C8-3, C10-1, C11-3, P12-18",Stamina (Lv. 3),Conviction,Ebullience,Vitality+ (Bulwark),Stamina (Lv. 4),Zeal+ (Accuracy),Devotion,Zeal+ (Amplify),Vitality+ (Rigid),Zeal+ (Attributes),Exuberance,Zeal+ (Rage)
127,Lady Mego,x,x,x,DCT,War,Onyxwing,Ex,P11-13,Verity (Lv.3),Charity,Bound Souls,Puncture+ (Absorb),Leech+ (Amplify),Puncture+ (Attrib.),DCT Master (Assault),Verity (Lv.4),Carnage (Time +10s),Puncture+ (Accuracy),Reload +2,Heroes' Rally
128,Lady Miyazu,x,x,x,SPT,Yore,Viper Queen,Ultimate,P15-1,Knowledge (Lv.4),Restart,SPT Master (Havoc),Tempered Blade,SPT Master (Purify),Pursuit+ (Devour),Fountain+ (Bolster),Eruption+ (Bolster),SPT Master (Renewal),SPT Master (Devote),Exuberance,Eruption (Stock +2)
129,Lady No,x,,x,DCT,War,Cimmerian King,Normal,"C5-18, C5-19, P5-18",Protection (Lv. 2),Stealth (Lv. 1),Antidote,Illusion (Stock +2),Verity (Lv.2),Recovery+ (Heal),Puncture (Reduce),Puncture (Time +10s),Affliction (Lv. 3),Puncutre (Stock +3),Master Assassin,Puncture+ (Amplify)
130,Lady Ototachibana,x,,x,SPD,Yore,Shadow Soul,Normal,"C4-1, C5-6, P5-7, S-14",Assertion,Swiftness,Verity (Lv.2),Agility (Stock +2),Application (Lv. 2),Vitality (Stock +2),Zeal (Reduce),Verity (Lv.3),Recovery (Stock +2),HLG Master (Rally),Agility+ (Bonus),Fervor
131,Lady Sen,x,,x,HLG,Peace,Bladewing,Normal,"C4-16, C5-2, P4-10, P4-13",Protection (Lv. 2),Relaxation,Stamina (Lv. 2),Zeal (Stock +2),Tolerance (Lv. 2),Verity (Lv.2),HLG Master (Quicken),Stamina (Lv. 4),Vitality+ (Amplify),Recovery+ (Range),Zeal+ (Amplify),Recovery+ (Amplify)
132,Lady Shizuka,x,,x,SPT,Honor,Skyshredder,Ex,"C6-4, C6-16, P6-4, P9-17, S-20",Knowledge (Lv.2),Fountain (Reduce),Recovery+ (Heal),Fountain (Stock +2),Knowledge (Lv.3),Paradox+ (Bolster),DCT Master (Assault),Knowledge (Lv.4),SPT Master (Devote),Fountain+ (Surprise),Butterfly Dance,Knowledge (Leech)
133,Lady Sotoori,x,,x,HLG,Yore,Viper Queen,Ex,"C7-3, P7-3, P7-16, P10-11",Tolerance (Lv. 2),Lifesaver,Stamina (Lv. 2),Zeal+ (Wraith),Zeal+ (Amplify),Fountain (Stock +2),Fountain+ (Attract),Zeal+ (Swift),SPT Master (Renewal),Pursuit+ (Devour),Zeal+ (Attributes),Exuberance
134,Lady Suzuka,x,,x,SPC,Grace,Harrowhalf,Ex,"C7-12, C10-4, P7-12, P8-15, P9-16",Recovery (Stock +2),Piety,Lifesaver,Warp+ (Teleport),SPC Master (Purify),Pursuit (Stock +3),SPC Master (Quicken),Sanctum+ (Hardy),Panacea (Stock +1),Recovery+ (Range),Sanctum+ (Assist),Charity
135,Lady Takiyasha,x,,x,DCT,Grace,Manhunter,Ex,"C6-13, P6-1, P6-15, P9-16, P10-13",Lifesaver,DCT Master (Sneak),Restoration (Lv. 2),Illusion (Stock +2),Affliction (Lv. 3),Recovery (Stock +1),Recovery+ (Range),Recovery+ (Bonus),Protection of Heroes,Recovery+ (Blessing),Exploit (Absorb),DCT Master (Surprise)
136,Lady Tokiwa,x,,x,HLG,Honor,Aurwing,Normal,"C2-1, C5-4, P2-1",Recuperation (Lv. 1),Recovery (Stock +1),Zeal (Stock +2),Lifesaver,Tolerance (Lv. 2),Zeal+ (Amplify),Zeal (Reduce),Zeal (Time +5s),Zeal+ (Ardor),Zeal+ (Accuracy),Swiftness,Zeal+ (Wraith)
137,Lady Tomoe,x,,x,ATK,Honor,Shadow Soul,Ex,C6-12,Chance,Heroes' Rally,Might (Time +5s),Prescience,Sanctum (Time +5s),Recuperation (Lv. 2),Paradox (Reduce),Restoration (Lv. 3),Carnage (Time +10s),Paradox+ (Restrain),Falling Petals,Charity
138,Lady Tsuru,x,x,x,SPT,War,Thanatoceros,Ex,"C11-18, P11-12",Evasion,Recovery+ (Range),SPT Master (Purify),Great Ambition,Altruism+ (Amplify),Fountain+ (Bolster),Fountain+ (Attract),Altruism+ (Attrib.),Altruism+ (Nimble),SPT Master (Renewal),Altruism+ (Wraith),Exuberance
139,Lady Yamato,x,,x,SPT,Yore,Viper Queen,Ex,"C7-3, P7-3, P7-16, P10-11",Renewal (Lv. 2),Chain,Pursuit+ (Track),Fountain (Stock +2),SPT Master (Purify),Pursuit+ (Absorb),Zeal (Reduce),Vitality (Stock +3),Vitality (Time +10s),Zeal+ (Rage),Pursuit+ (Devour),Devotion
140,Maeda Keiji,x,,x,LCK,War,Windshredder,Ex,"C6-7, P10-9",Attack up (Lv.2),Desperation,Perseverance,Random+ (Gamble),Attack up (Lv.3),Might+ (Rage),Devastation,Random+ (ATK Style),Fortune+ (Gambler),Carnage+ (Link),Fervor,Tenacity
141,Maeda Toshiie,x,x,x,PLN,War,Jollux,Normal,"C2-8, C2-13, P2-13, P3-2",Dissection (Health),Notice Destroyer,Concentration,Breaker (Stock +1),Random+ (Ward),Random (Stock +2),Breaker+ (Amplify),Prescience,Expert Destroyer,Random+ (PLN Style),Majesty,Intensity+ (Link)
142,Matsu,x,,x,HLG,War,Manhunter,Normal,C2-12,Stamina (Lv. 1),Recovery (Stock +1),Stamina (Lv. 2),Vitality (Stock +1),Tolerance (Lv. 2),Ebullience,Zeal (Reduce),Zeal+ (Swift),Zeal+ (Rage),Zeal (Stock +3),Ablution+ (Potency),Majesty
143,Matsudaira Katamori,x,x,x,SPC,Chaos,Chapter 10,-,,Fraternity,Chain,Fervor,Warp (Stock +10),Sanctum+ (Assist),Sanctum+ (Swift),Sanctum+ (Quicken),SPC Master (Purify),Charity,SPC Master (Quicken),Paradox+ (Assist),Warp+ (Accuracy)
144,Matsudaira Nobutsuna,x,x,x,SUP,Peace,Maledictaur,Ultimate,"P14-13, P14-14, P17-5",Fitness (Lv. 2),Chain,Altruism (Stock +3),Diffusion (Stock +3),Arms of Steel,Energy+ (Bonus),Energy+ (Quicken),SUP Master (Hardy),Energy+ (Range),Altruism+ (Qinggong),Vigor+ (Special),Restart
145,Matsunaga Hisahide,x,x,x,DCT,War,Crepusculos,Ultimate,P17-15,Affliction (Lv. 4),Antidote,Restart,Master Assassin,Puncutre (Stock +3),DCT Master (Assault),Exploit (Leech),Exploit (Absorb),Puncture+ (Amplify),Lowered Immunity,Devastation,Stupor (Stock +2)
146,Matsuo Basho,x,,x,DCT,Peace,Shadow Soul,Ex,"C7-5, C8-7, P7-17",Affliction (Lv. 2),Persistence,Affliction (Lv. 3),Illusion (Stock +3),Renewal (Lv. 1),Illusion+ (Hardy),Illusion (Reduce),Illusion (Time +5s),Renewal (Lv. 2),Illusion+ (Sneak),Restart,Illusion+ (Sanctity)
147,Minabuchi no Shoan,x,x,x,HLG,Yore,Pyrogrinder,Ultimate,"P14-9, P14-16",Tolerance (Lv. 4),Vitality+ (Bulwark),Diffusion (Time +10s),Vitality (Reduce),Fitness (Lv. 2),Diffusion+ (Rigid),Diffusion+ (Hardy),Vitality+ (Zone),Diffusion+ (Quicken),Vitality+ (Assist),SUP Master (Hardy),Charity
148,Minamoto no Hiromasa,x,,x,SPD,Grace,Shadow Soul,Normal,C4-7,Affliction (Lv. 1),Application (Lv. 2),Verity (Lv.2),Puncture+ (Shoot),Stupor (Reduce),Puncture (Stock +2),Swordsmanship,Affliction (Lv. 3),Stealth (Lv. 2),Agility (Stock +3),DCT Master (Surprise),Exploit (Absorb)
149,Minamoto no Tametomo,x,,x,ATK,Honor,Chthonian Fiend,Ex,"P8-17, P9-20, P10-15",Ebullience,Verity (Lv.2),Energy+ (Bonus),Leech (Stock +2),Dissection (Health),Energy+ (Lure),Devotion,Leech+ (Amplify),Attack up (Lv.3),Leech (Time +10s),Conduction,Attack up (Lv.4)
150,Minamoto no Yorimasa,x,,x,SPC,Honor,Hell's Sentinel,Ex,"P8-4, P10-6, P12-10",SPC Master (Quicken),Chain,Devastation,Warp (Stock +10),Fitness (Lv. 2),Might (Stock +2),Attack up (Lv.4),Warp+ (Accuracy),Might+ (Rage),ATK Master (Amplify),Convergence,Wrath
151,Minamoto no Yorimitsu,x,,x,ATK,Grace,Imp,Normal,"C1-1, P1-1, P2-12",Attack up (Lv.1),Stamina (Lv. 2),Chain,Leech (Stock +1),Might+ (Rage),Notice Destroyer,Might (Reduce),Might (Time +10s),Might (Stock +3),Fitness (Lv. 2),Renewal (Lv. 2),Might+ (Range)
152,Minamoto no Yoritomo,x,,x,DEF,Honor,Skyshredder,Ex,"C6-4, C6-16, P6-4, P9-17, S-20",Persistence,Application (Lv. 3),SPT Master (Rigid),Shield+ (Valiant),Vitality+ (Rigid),Pursuit+ (Track),Verity (Lv.3),Stealth (Lv. 2),Protection (Lv. 4),DEF Master (Rigid),Barrier+ (Awe),Heroes' Rally
153,Minamoto no Yoshiie,x,x,x,PLN,Grace,Harrowhalf,Normal,"C3-15, C4-12, P3-15, P4-4",Knowledge (Lv.1),Perseverance,Breaker (Time +5s),Knowledge (Lv.2),Convergence,SPT Master (Devote),Breaker+ (Havok),PLN Master (Extend),Knowledge (Lv.3),SPT Master (Havoc),Eruption+ (Bolster),Knowledge (Lv.4)
154,Minamoto no Yoshitomo,x,x,x,PLN,Honor,Chthonian Fiend,Ultimate,"P15-3, P15-16, P17-17",Fraternity,Verity (Lv.3),Exigency,Swordsmanship,Ablution+ (Wrath),Recovery+ (Heal),Verity (Lv.4),Three Arrows,Bound Souls,Intensity (Range),Charity,Introspection
155,Minamoto no Yoshitsune,x,,x,SPD,Honor,Abyssal Fiend,Ex,"P8-18, P9-4, P9-17, P9-20, S-23",Master Destroyer,Devastation,Swordsmanship,Energy (Stock +3),Restoration (Lv. 2),DCT Master (Wraith),Vigor (Reduce),Dissection (Health),Expert Destroyer,Vigor+ (Wraith),Intensity (Amplify),Insight
156,Mito Mitsukuni,x,,x,SPC,Peace,Pyropteryx,Ex,"C7-1, C7-5, P7-1, P7-14, P10-10, P12-2",Swiftness,Warp (Bonus),Piety,Sanctum (Stock +2),Fitness (Lv. 2),Warp (Stock +10),Warp (Reduce),SPC Master (Purify),Paradox (Stock +1),Warp+ (Teleport),Chain,Warp+ (Assembly)
157,Miura Anjin,x,x,x,LCK,Peace,Snowflame,Ex,"C12-4, P12-1",Chain,Escort Duty,Random (Stock +3),Heroes' Rally,Fortune+ (Accuracy),Random+ (ATK Style),Carnage+ (Almighty),Random+ (PLN Style),Intensity+ (Link),Random+ (SPD Style),Vigor+ (Wraith),Fortune+ (Amplify)
158,Miyamoto Musashi,x,,x,ATK,War,Chthonian Fiend,Ex,"C7-18, P8-1, P10-12, P10-20",Dissection (Focus),Chain,Verity (Lv.2),Gouge Master,Attack up (Lv.2),Leech+ (Absorb),Carnage (Reduce),Devastation,Fitness (Lv. 2),Carnage+ (Link),Conviction,Carnage (Stock +1)
159,Momotaro,x,,x,SPD,Honor,Pale Aurwing,Ex,C6-2,Verity (Lv.1),Determination,Notice Destroyer,Agility (Stock +2),Dissection (Focus),Agility+ (Dual),Gouge Master,Chance,Expert Destroyer,Carnage+ (Link),Leech+ (Absorb),Evasion
160,Mononobe no Moriya,x,,x,DEF,Yore,Nightblade,Ex,"C7-10, C11-17, P9-14, P9-18, P10-11, P11-10",Recuperation (Lv. 2),Protection (Lv. 2),Stone Wall,Vitality+ (Sturdy),Taunt (Reduce),Shield+ (Valiant),Recovery+ (Amplify),Taunt (Stock +3),Taunt+ (Sturdy),Protection (Lv. 4),Vitality+ (Rigid),Chance
161,Mori Motonari,x,,x,DCT,War,Jollux,Ex,"C6-3, P6-3, P6-17, P10-12",Stealth (Lv. 1),Ebullience,Recovery (Stock +2),Illusion (Stock +3),Illusion+ (Hardy),Devastation,Gymnast,Determination,Illusion+ (Sturdy),Affliction (Lv. 4),Three Arrows,Exploit (Wrath)
162,Mori Ranmaru,x,x,x,SUP,War,Cimmerian King,Ultimate,"P16-3, P16-8",Attack up (Lv.4),Desperation,Swordsmanship,Falling Petals,Diffusion+ (Swift),Leech+ (Amplify),Leech+ (Absorb),Sacrifice+ (Leech),Leech+ (Range),SUP Master (Amplify),Majesty,Charity
163,Murasaki Shikibu,x,,x,SPD,Grace,Venom Queen,Ex,"C6-15, C6-17, P6-9, P6-14, P10-13",Chain,Prescience,ATK Master (Amplify),Energy (Stock +3),Piety,Energy+ (Quicken),SPT Master (Purify),Vigor (Stock +1),Recovery+ (Blessing),SPC Master (Purify),Recovery+ (Range),Restart
164,Nagasunehiko,x,x,x,PLN,Yore,Screecher,Ex,"C8-3, C10-1, C11-3, P12-18",Notice Destroyer,Resillience,Tenacity,Recovery+ (Bonus),Ablution+ (Rigid),Expert Destroyer,Chance,Swordsmanship,Intensity (Stock +1),Insight,Majesty,Master Destroyer
165,Nakano Takeko,x,,x,ATK,Chaos,Hell's Warden,Normal,"C5-12, C5-15, P5-5, P5-8",Recovery+ (Heal),Relaxation,Resillience,Zeal+ (Rage),Lifesaver,Recovery (Stock +2),Attack up (Lv.2),Recovery+ (Bonus),Recovery+ (Amplify),Vitality (Stock +2),Dancing Grace,Recovery+ (Range)
166,Nakaoka Shintaro,x,,x,SPC,Chaos,Pyropteryx,Normal,C5-1,Extinguishment,Sanctum+ (Hardy),Piety,Illusion+ (Sturdy),Illusion+ (Sanctity),Wrath,Puncture (Reduce),Tolerance (Lv. 3),Illusion (Stock +2),Sanctum (Stock +3),Sanctum+ (Accuracy),Restart
167,Nakatomi No Kamatari,x,,x,SPC,Yore,Umbrapod,Ex,P8-10,Prescience,Fitness (Lv. 2),Sanctum+ (Amplify),Warp (Reduce),Pursuit (Reduce),Fountain (Reduce),Pursuit+ (Track),SPC Master (Quicken),Expert Destroyer,SPT Master (Augument),SPT Master (Renewal),Restart
168,Naoe Kanetsugu,x,,x,DEF,War,Windshredder,Ex,"C6-7, P10-9",Stamina (Lv. 2),Chain,Lifesaver,Shield (Stock +2),Piety,Shield (Reduce),Sanctum+ (Amplify),Shield+ (Valiant),Protection (Lv. 4),DEF Master (Protect),Taunt+ (Amity),Charity
169,Nasu no Yoichi,x,,x,SPT,Honor,Bladewing,Ex,"P8-11, P8-14",Swiftness,Application (Lv. 2),Knowledge (Lv.2),Energy (Reduce),Attack up (Lv.2),Pursuit (Stock +3),Pursuit+ (Accuracy),Verity (Lv.4),Energy (Time +10s),Surveyance,Conduction,Prescience
170,Nene,x,,x,SPC,War,Pyropteryx,Normal,"C4-4, P4-3",Recovery (Stock +1),Chain,Warp+ (Flight),Sanctum (Stock +1),Warp (Reduce),Application (Lv. 2),Warp (Stock +15),Warp (Bonus),Tolerance (Lv. 3),Recovery+ (Blessing),Ebullience,Exuberance
171,Nezumi Kozo,x,,x,SPD,Peace,Shadow Soul,Normal,"P3-1, S-16",Extinguishment,Swiftness,Verity (Lv.2),Energy (Stock +1),Chain,Illusion (Stock +1),Vigor+ (Sneak),Affliction (Lv. 3),Gymnast,Illusion (TIme +10s),Exploit (Rage),Exploit (Accuracy)
172,Niijima Jo,x,x,x,SUP,Chaos,Manhunter,Normal,"C4-13, P4-17",Tolerance (Lv. 1),Altruism (Stock +1),Pursuit+ (Bolster),Altruism+ (Amplify),Fountain+ (Bolster),Tolerance (Lv. 3),SPT Master (Devote),Appraisal,Altruism+ (Attrib.),Tolerance (Lv. 4),Altruism+ (Nimble),Knowledge (Leech)
173,Niijima Yae,x,,x,SPT,Chaos,Razortalon,Ex,"C7-2, C9-3, P7-2",Pursuit+ (Leech),Devastation,Knowledge (Lv.2),Pursuit (Stock +1),Eruption+ (Bolster),Pursuit+ (Bolster),Fountain+ (Bolster),Greed,Fitness (Lv. 2),Knowledge (Lv.4),Reload speed+,SPT Master (Devote)
174,Ninagawa Shin'emon,x,x,x,SUP,Honor,Skyshredder,Ultimate,"C13-15, C13-18, P13-8, P13-11",Protection (Lv. 4),Tranquility,Charity,Diffusion (Time +10s),Diffusion+ (Reflect),Altruism+ (Destroy),Taunt+ (Zone),Diffusion+ (Destroy),Barrier+ (Shred),SUP Master (Amplify),Taunt+ (Assist),Bound Souls
175,Ninomiya Sontoku,x,,x,HLG,Peace,Astrapteryx,Normal,"C5-8, S-16",Restoration (Lv. 1),Agility (Stock +1),Stamina (Lv. 2),Vitality (Stock +2),Tolerance (Lv. 2),Agility+ (Bonus),Energy (Reduce),Zeal (Stock +3),Recuperation (Lv. 2),Zeal+ (Ardor),Agility (Stock +3),Devotion
176,Nitta Yoshisada,x,,x,DEF,Honor,Chthonian Fiend,Normal,"C4-17, C5-11, P4-18, P5-3",Protection (Lv. 2),Verity (Lv.2),Protection of Heroes,Taunt (Stock +2),Taunt+ (Sturdy),Fortune (Stock +2),Random (Reduce),Protection (Lv. 3),Restart,Tranquility,Taunt+ (Amity),Barrier+ (Link)
177,Nomi no Sukune,x,,x,ATK,Yore,Sableblade,Ex,"C7-15, C7-17, P7-8, P10-8",Flying Blade,Leech (Time +5s),Lure (Lv. 2),Taunt+ (Swift),Relaxation,Might (Reduce),Perseverance,Attack up (Lv.3),Evasion,ATK Master (Amplify),Exuberance,Majesty
178,O no Yasumaro,x,,x,DEF,Grace,Blitzer,Normal,C2-2,Protection (Lv. 1),Taunt (Stock +1),Stamina (Lv. 2),Protection (Lv. 2),Lure (Lv. 2),Tranquility,Shield (Reduce),Shield+ (Valiant),Protection (Lv. 3),Shield (Stock +3),Taunt+ (Assist),Shield+ (Range)
179,Oda Nobunaga,x,,x,SPC,War,Cimmerian King,Normal,"C5-18, C5-19, P5-18",Heroes' Rally,Perseverance,Warp (Reduce),Sanctum (Stock +1),Fitness (Lv. 2),Paradox+ (Surprise),Paradox (Time +5s),Restart,Prescience,SPC Master (Quicken),Reload speed+,Paradox+ (Destroy)
180,Ogata Koan,x,,x,HLG,Chaos,Chapter 3,-,,Verity (Lv.1),Tolerance (Lv. 2),Stamina (Lv. 2),Vitality (Stock +2),Leech+ (Absorb),Leech (Stock +1),Might (Reduce),Stamina (Lv. 3),Fitness (Lv. 2),Devotion,Vitality+ (Assist),Exuberance
181,Oichi,x,,x,ATK,War,Cimmerian King,Normal,"C5-18, C5-19, P5-18",Recovery+ (Amplify),Chain,Leech (Time +5s),Recuperation (Lv. 2),Vitality (Time +5s),Leech+ (Amplify),Panacea (Reduce),Leech (Stock +3),Stamina (Lv. 4),Vitality+ (Rigid),Leech+ (Absorb),Exuberance
182,Oishi Kuranosuke,x,,x,SPD,Peace,Astrapteryx,Ex,"C7-13, C11-11, P7-13, P8-9, P10-10",Devastation,Heroes' Rally,Verity (Lv.2),Vitality+ (Rigid),Zeal+ (Accuracy),Agility+ (Sneak),Zeal+ (Ardor),Charge,Energy+ (Bonus),Application (Lv. 4),Verity (Lv.4),Bound Souls
183,Oiwa,x,,x,SPT,Peace,Frostwing,Ex,"C7-13, P7-13, S-21",Fountain+ (Bolster),Desperation,Knowledge (Lv.2),Fountain (Reduce),Attack up (Lv.2),Stealth (Lv. 2),Leech (Stock +2),Leech+ (Wraith),Attack up (Lv.3),Fountain (Stock +3),Leech+ (Havoc),Knowledge (Absorb)
184,Okada Izo,x,,x,SPD,Chaos,Shadow Soul,Ex,"C7-14, P8-8",Stealth (Lv. 2),Chain,Verity (Lv.2),Fortune+ (Accuracy),Energy+ (Accuracy),Energy+ (Swift),Puncture+ (Accuracy),SPD Master (Minimize),DCT Master (Assault),Verity (Lv.3),Gouge Master,Devastation
185,Okikurumi,x,x,x,ATK,Yore,Mortabella,Ultimate,"P14-21, P17-1",Attack up (Lv.4),Devastation,Might+ (Rage),Convergence,Might+ (Nimble),Insight,Might+ (Attributes),Knowledge (Leech),Knowledge (Absorb),Carnage+ (Martyr),Carnage+ (Destroy),Carnage (Stock +2)
186,Okita Soji,x,,x,ATK,Chaos,Pyrogrinder,Ex,"C7-6, C11-12, P7-10, P8-8, P9-15, P10-19",Swiftness,Chain,Verity (Lv.3),Might (Stock +3),Gymnast,Energy (Time +10s),Vigor+ (Rigid),Attack up (Lv.4),Prescience,Vigor+ (Special),Flying Blade,Fervor
187,Okubo Toshimichi,x,,x,HLG,Chaos,Pyrogrinder,Normal,"C5-16, P5-9",Wrath,Vitality (Stock +2),Stamina (Lv. 2),Pursuit+ (Leech),Pursuit+ (Purify),Renewal (Lv. 2),Pursuit (Reduce),Stamina (Lv. 3),SPT Master (Augument),Vitality+ (Zone),Panacea (Stock +1),Protection of Heroes
188,Ono no Imoko,x,,x,LCK,Yore,Nightblade,Normal,"C5-17, P5-10, P5-16",Renewal (Lv. 1),Heroes' Rally,Vitality (Time +10s),Random (Stock +2),Attack up (Lv.2),Zeal (Stock +2),Panacea (Reduce),Attack up (Lv.3),Leech+ (Amplify),Recovery+ (Blessing),Leech+ (Absorb),Protection of Heroes
189,Ono no Komachi,x,,x,SPD,Grace,Viper Queen,Ex,"C6-5, C6-17, P6-14, P10-13",Alertness,Resillience,Recovery+ (Heal),Agility+ (Dual),Taunt+ (Protect),Tolerance (Lv. 3),Recovery+ (Range),Agility+ (Quicken),Vitality+ (Heal),DEF Master (Resist),Vigor+ (Assist),Protection of Heroes
190,Ono no Takamura,x,x,x,SPC,Grace,Manhunter,Ultimate,"C13-8, P13-1",Expert Destroyer,Chain,Warp (Stock +15),Paradox (Reduce),Ablution+ (Reduce),PLN Master (Extend),Breaker+ (Link),Warp+ (Accuracy),Ablution+ (Quicken),Paradox+ (Destroy),Majesty,Insight
191,Ooka Echizen,x,,x,SPT,Peace,Pyropteryx,Ex,"C7-1, C7-5, P7-1, P7-14, P10-10, P12-2",Attack up (Lv.2),Chain,Heroes' Rally,Fountain (Stock +2),Fitness (Lv. 1),Paradox (Time +5s),Pursuit+ (Absorb),Attack up (Lv.3),Pursuit+ (Devour),Fountain+ (Attract),Paradox+ (Attract),Protection of Heroes
192,Oryo,x,,x,DEF,Chaos,Manhunter,Normal,"C4-13, P4-17",Lure (Lv. 1),Chain,Stamina (Lv. 2),Taunt (Stock +2),Taunt+ (Sturdy),Chance,Taunt (Reduce),DEF Master (Lure),Protection (Lv. 3),Shield+ (Link),Taunt+ (Zone),Taunt (Time +10s)
193,Oshio Heihachiro,x,x,x,PLN,Peace,Astrapteryx,Ultimate,P14-8,Charge,Perseverance,Charity,Ablution+ (Wrath),Ablution+ (Reduce),Diffusion+ (Destroy),Breaker (Time +5s),Diffusion+ (Reflect),Breaker+ (Amplify),Sacrifice (Stock +1),Breaker+ (Link),Swordsmanship
194,Ota Dokan,x,,x,HLG,War,Edax,Normal,C5-5,Lure (Lv. 1),Fervor,Stamina (Lv. 2),Vitality (Stock +1),Tolerance (Lv. 2),Taunt (Time +10s),Shield (Reduce),Taunt+ (Amity),Stamina (Lv. 3),Shield+ (Link),Vitality+ (Amplify),Majesty
195,Otani Seiichiro,x,x,x,ATK,Chaos,Hell's Sentinel,Ultimate,"P16-11, P16-14",Bound Souls,Swiftness,Leech+ (Amplify),Altruism+ (Nimble),Restoration (Lv. 4),Altruism+ (Accuracy),Leech+ (Quicken),Lifebringer,Altruism+ (Amplify),Leech+ (Range),Sacrifice+ (Leech),Introspection
196,Otani Yoshitsugu,x,x,x,SUP,War,Chthonian Fiend,Normal,"C5-13, P5-6",Chain,Attack up (Lv.1),Recuperation (Lv. 1),Sacrifice (Time +5s),Fortune+ (Kismet),Attack up (Lv.3),Recuperation (Lv. 2),Revival+ (Blessing),SUP Master (Hardy),Revival+ (Quicken),Sacrifice+ (Leech),Restart
197,Otomo no Miyuki,x,x,x,SUP,Yore,Viper Queen,Normal,"C4-11, C4-14, P4-5, P4-9",Knowledge (Lv.1),Chain,Altruism (Time +5s),Fountain+ (Attract),Altruism+ (Amplify),Knowledge (Leech),SUP Master (Amplify),Knowledge (Lv.3),Pursuit+ (Raid),Altruism+ (Attrib.),Pursuit+ (Devour),Knowledge (Lv.4)
198,Otomo no Yakamochi,x,x,x,SUP,Grace,Cacarion,Ultimate,"C13-29, P13-22, P17-2",Swordsmanship,Piety,Charge,Master Assassin,Ablution (Time +3s),Diffusion (Stock +3),Ablution+ (Restore),Diffusion (Time +10s),Ablution+ (Extend),Diffusion+ (Quicken),Verity (Lv.4),Heroes' Rally
199,Otomo Sorin,x,x,x,PLN,War,Phlogistor,Ex,"C12-1, C12-9, P11-7, P12-4",Renewal (Lv. 1),Dissection (Health),Piety,Vitality+ (Amplify),Renewal (Lv. 2),Ablution+ (Potency),Ablution (Stock +3),Recovery+ (Blessing),Ablution+ (Wrath),Panacea+ (Destroy),Recovery+ (Range),Majesty
200,Otose,x,,x,HLG,Chaos,Bloodhunter,Normal,"C4-13, P4-17",Recovery (Stock +1),Chain,Stamina (Lv. 1),Determination,Puncture+ (Absorb),Puncture (Stock +2),Stupor (Reduce),Zeal (Stock +3),Recuperation (Lv. 2),Affliction (Lv. 3),Zeal (Time +10s),Exploit (Absorb)
201,Prince Naka-no-Oe,x,,x,DEF,Yore,Nightblade,Ex,"C7-10, C11-17, P9-14, P9-18, P10-11, P11-10",Protection (Lv. 2),Devastation,Swordsmanship,Taunt (Stock +2),Verity (Lv.3),Shield (Stock +3),Piety,Tranquility,Heroes' Rally,DEF Master (Rigid),Wrath,DEF Master (Valiant)
202,Prince Otsu,x,x,x,PLN,Yore,Terragrinder,Normal,"C4-8, C5-6, P4-8, P5-15",Verity (Lv.1),Chain,Swordsmanship,Ablution (Stock +1),Vigor (Reduce),Ablution (Time +3s),Ablution+ (Potency),Vigor+ (Wraith),Verity (Lv.3),Vigor+ (Destroy),Intensity+ (Reduce),Insight
203,Prince Shotoku,x,,x,DCT,Yore,Nightblade,Normal,"C5-17, P5-10, P5-16",Stoutness,Swordsmanship,Puncture (Stock +1),Puncture+ (Shoot),Puncture (Reduce),Stamina (Lv. 3),DCT Master (Assault),Puncture+ (Amplify),Verity (Lv.3),DCT Master (Wraith),Chain,Puncture+ (Absorb)
204,Princess Nukata,x,,x,SPT,Yore,Viper Queen,Normal,"C4-11, C4-14, P4-5, P4-9",Attack up (Lv.1),Pursuit (Stock +2),Knowledge (Lv.2),Might (Stock +1),Attack up (Lv.2),Might+ (Attributes),Leech (Reduce),Expert Destroyer,Leech+ (Absorb),Knowledge (Lv.3),Knowledge (Absorb),Knowledge (Lv.4)
205,Raiden Tame'emon,x,,x,DEF,Peace,Jollux,Ex,"P10-7, P11-9",Lure (Lv. 2),Swiftness,Stone Wall,Taunt+ (Swift),Paradox+ (Brawn),Paradox (Time +5s),Energy+ (Swift),Protection (Lv. 3),Fortitude,DEF Master (Lure),Confrontation,Majesty
206,Saicho,x,,x,SPD,Grace,Skyshredder,Normal,C5-9,Protection (Lv. 1),Sanctum (Stock +1),Verity (Lv.2),Agility (Stock +2),Application (Lv. 2),Dissection (Focus),Energy+ (Swift),Verity (Lv.3),Warp+ (Flight),Vigor+ (Link),Agility+ (Quicken),Protection of Heroes
207,Saigo Takamori,x,,x,DEF,Chaos,Pyrogrinder,Ex,"C7-6, C11-12, P7-10, P8-8, P9-15, P10-19",Dissection (Focus),Stamina (Lv. 2),Conviction,Lure (Lv. 2),Devotion,Barrier (Time +10s),Devastation,Attack up (Lv.3),Vigor+ (Special),Barrier+ (Brawn),Barrier (Reduce),Desperation
208,Saigyo,x,,x,SPT,Grace,Umbrapod,Ex,"C6-13, C11-14, P10-2",Tenacity,Pursuit+ (Track),Eruption+ (Accuracy),Pursuit (Stock +2),SPT Master (Purify),Random (Stock +2),Knowledge (Lv.3),Conviction,Random+ (SPT Style),Eruption+ (Raid),Fitness (Lv. 2),Pursuit+ (Raid)
209,Saika Magoichi,x,,x,SPT,War,Windshredder,Normal,C3-9,Knowledge (Lv.1),Chain,Pursuit+ (Bolster),Fountain (Stock +1),Pursuit+ (Accuracy),Pursuit (Stock +2),Pursuit (Reduce),Eruption (Stock +1),Fitness (Lv. 2),Recovery+ (Amplify),Mitama Pulse,Eruption+ (Raid)
210,Saito Dosan,x,,x,DCT,War,Cimmerian King,Normal,"C5-18, C5-19, P5-18",Affliction (Lv. 1),Lure (Lv. 2),Stamina (Lv. 2),Stupor (Stock +1),Verity (Lv.2),Devotion,Prescience,Affliction (Lv. 4),Conviction,Verity (Lv.4),DCT Master (Assault),Stupor (Time +2s)
211,Saito Hajime,x,,x,SPD,Chaos,Terragrinder,Ex,"C7-2, C7-4, C9-2, P7-2, P7-15, P8-8, P9-15, P10-19",Chain,Knowledge (Lv.3),Devotion,Stamina (Lv. 3),Dissection (Focus),Verity (Lv.3),Vigor (Time +10s),Expert Destroyer,Application (Lv. 4),SPD Master (Minimize),Tempered Blade,Vigor (Stock +1)
212,Saito Kichi,x,x,x,DCT,Chaos,Glaciabella,Ultimate,"P14-11, P15-9, P17-6",Verity (Lv.4),Wrath,Charity,Sacrifice (Stock +1),Devastation,Falling Petals,Illusion+ (Assist),Sacrifice (Time +10s),Illusion (Stock +3),Sacrifice+ (Link),Lowered Immunity,Exploit (Accuracy)
213,Sakamoto Otome,x,,x,ATK,Chaos,Terragrinder,Ex,"C7-2, C7-4, C9-2, P7-2, P7-15, P8-8, P9-15, P10-19",Charge,Verity (Lv.2),Fervor,Puncture+ (Accuracy),Leech (Stock +2),Might (Time +10s),Devotion,Warp+ (Accuracy),Verity (Lv.3),Sanctum+ (Accuracy),Butterfly Dance,Verity (Lv.4)
214,Sakamoto Ryoma,x,,x,LCK,Chaos,Terragrinder,Normal,"C3-12, C4-2, P3-9, P3-14",Determination,Swordsmanship,Dissection (Health),Fortune+ (Amplify),Lure (Lv. 2),Random+ (Gamble),Fortune+ (Quicken),Warp+ (Reverse),Fortune+ (Miracle),Sanctum+ (Accuracy),Revival+ (Quicken),Heroes' Rally
215,Sakanoue no Tamuramaro,x,,x,ATK,Grace,Bladewing,Ex,"C7-7, P9-7",Swordsmanship,Application (Lv. 2),Knowledge (Lv.2),Might (Stock +2),Leech+ (Rigid),Might (Time +5s),Might (Reduce),Might+ (Attributes),Affliction (Lv. 4),Carnage+ (Destroy),Knowledge (Leech),Might+ (Nimble)
216,Sakata no Kintoki,x,,x,DEF,Grace,Frostwing,Ex,"C7-8, P6-18, P7-11",Taunt+ (Protect),Protection (Lv. 2),Recovery+ (Range),Shield (Stock +3),Lifesaver,Stamina (Lv. 4),Shield+ (Range),Vitality+ (Sturdy),Restoration (Lv. 3),Recovery+ (Blessing),Earthshaker,Protection of Heroes
217,Sanada Yukimura,x,,x,ATK,War,Astrapteryx,Ex,"C7-9, P7-9, P10-9",Dissection (Focus),Chain,Verity (Lv.2),Fervor,Attack up (Lv.3),Zeal+ (Accuracy),Might+ (Nimble),Might (Reduce),Verity (Lv.3),Might (Time +10s),Lightspeed trust,Verity (Lv.4)
218,Sarutahiko,x,x,x,PLN,Yore,Nightblade,Ultimate,"P16-2, P16-15",Warp+ (Accuracy),Warp (Bonus),Swordsmanship,Aerial Assault,Ablution (Stock +3),Insight,Restart,Breaker (Stock +3),Intensity (Time +10s),PLN Master (Extend),Paradox (Stock +1),Heroes' Rally
219,Sarutobi Sasuke,x,,x,SPD,War,Shadow Soul,Normal,"C3-9, C5-5, S-3, S-12, S-15",Chain,Application (Lv. 1),Energy (Stock +1),Energy (Time +5s),Restoration (Lv. 2),Agility (Stock +2),Agility (Reduce),Verity (Lv.3),Application (Lv. 3),Agility+ (Dual),Spin Doctor,Agility+ (Bonus)
220,Sasaki Doyo,x,,x,LCK,Honor,Chthonian Fiend,Normal,"C4-17, C5-11, P4-18, P5-3",Antidote,Puncture (Reduce),Recovery+ (Blessing),Fortune (Stock +2),Fortune (Time +5s),Fortune+ (Remove),Persistence,Fortune+ (Surprise),Illusion+ (Sanctity),Puncture+ (Accuracy),Puncture+ (Surprise),Exploit (Accuracy)
221,Sasaki Kojiro,x,,x,SPD,War,Dreadhalf,Ex,"C6-8, C7-18, C11-15, P6-13, S-19",Lure (Lv. 2),Agility+ (Dual),Swordsmanship,Agility+ (Quicken),Energy+ (Lure),Agility (Reduce),Verity (Lv.3),Evasion,Restoration (Lv. 3),Vigor+ (Nimble),Flying Blade,Vigor+ (Special)
222,Sei Shonagon,x,,x,HLG,Grace,Jollux,Normal,"C3-10, P3-6, S-11",Lifesaver,Chain,Piety,Recovery+ (Range),HLG Master (Rally),Recovery (Stock +2),Recovery+ (Amplify),Vitality+ (Amplify),Recuperation (Lv. 2),Vitality+ (Zone),Vitality (Stock +3),Charity
223,Semimaru,x,,x,SPT,Grace,Windshredder,Normal,"C3-2, P2-11",Restoration (Lv. 1),Swiftness,Knowledge (Lv.2),Pursuit (Stock +2),Chain,Energy (Stock +2),Evasion,Vigor+ (Wraith),Vigor+ (Nimble),Expert Destroyer,Pursuit+ (Absorb),Determination
224,Sen no Rikyu,x,,x,HLG,War,Drumble,Ex,P6-5,Zeal+ (Amplify),Chain,Determination,Zeal (Stock +2),Energy+ (Bonus),Ebullience,Zeal+ (Ardor),Agility+ (Bonus),Restoration (Lv. 3),Zeal (Time +10s),Fervor,Recovery+ (Bonus)
225,Serizawa Kamo,x,x,x,SPC,Chaos,Putrox,Ex,"C9-6, C12-8, P11-1, P12-9",Expert Destroyer,Dissection (Focus),Desperation,Incandescence,Ablution+ (Wrath),Warp+ (Accuracy),Intensity+ (Reduce),Prescience,Intensity (Amplify),Exploding Fist,Swordsmanship,Fervor
226,Sesshu,x,,x,DCT,Honor,Frostwing,Ex,"C7-11, C7-16, P9-3, P10-15",Stealth (Lv. 1),Pursuit+ (Surprise),Affliction (Lv. 2),Fountain (Reduce),Stealth (Lv. 2),Fountain (Stock +3),Eruption (Reduce),Affliction (Lv. 3),Stupor (Time +2s),Eruption+ (Sneak),Pursuit+ (Raid),Exuberance
227,Shakushain,x,,x,SPD,Peace,Skyshredder,Normal,"C4-15, S-6",Chain,Knowledge (Lv.2),Verity (Lv.2),Energy (Stock +2),Fountain+ (Surprise),Pursuit (Stock +2),Gymnast,Application (Lv. 3),SPT Master (Renewal),Pursuit+ (Devour),Knowledge (Absorb),Knowledge (Lv.4)
228,Shimazu Yoshihiro,x,x,x,PLN,War,Jollux,Ultimate,"C13-10, P13-3",Attack up (Lv.3),Muscle-bound,Persistence,Intensity (Amplify),Ablution+ (Rigid),Conviction,Ablution+ (Potency),Attack up (Lv.4),Exploding Fist,Intensity+ (Link),Stamina (Lv. 4),Intensity (Insight)
229,Shimizu no Jirocho,x,,x,LCK,Chaos,Hell's Warden,Ex,"C7-14, C9-5, P7-7, P8-16",Chain,Desperation,Chance,Fortune (Time +10s),Fortune+ (Bonus),Fortune+ (Accuracy),Fortune+ (Sturdy),Fortune+ (Gambler),Fortune+ (Amplify),Revival+ (Blessing),Wrath,Fortune+ (Blessing)
230,Shishido Baiken,x,,x,DCT,War,Sableblade,Ex,"P9-8, P10-20",Notice Destroyer,Wrath,Fitness (Lv. 1),Paradox (Stock +1),Illusion+ (Sneak),Charge,Paradox (Reduce),Affliction (Lv. 3),Paradox+ (Surprise),Arcanum,Fervor,Exploit (Accuracy)
231,Shunten,x,,x,HLG,Honor,Bloodhunter,Ex,"C6-16, C10-2, P8-14, P10-6, S-23",Recovery+ (Amplify),Renewal (Lv. 2),Zeal (Time +5s),Sanctum+ (Amplify),Vitality (Time +10s),Sanctum (Time +10s),Paradox (Time +5s),Stamina (Lv. 3),Protection of Heroes,SPC Master (Quicken),Paradox (Reduce),Heroes' Rally
232,Shuten Doushi,x,x,x,PLN,Grace,Windshredder,Normal,"C3-2, P2-11",Verity (Lv.1),Breaker+ (Reduce),Verity (Lv.2),Puncture+ (Amplify),Devastation,Arms of Steel,Ablution+ (Rigid),Energy+ (Accuracy),Fortitude,Breaker+ (Link),Verity (Lv.4),Wrath
233,Sister Zenshin,x,x,x,SUP,Yore,Glaciabella,Ex,"C10-12, P11-3",Perseverance,Stoutness,Persistence,Shield (Stock +2),Diffusion+ (Rigid),Protection (Lv. 3),Diffusion+ (Reflect),Shield+ (Range),Protection (Lv. 4),Sacrifice+ (Minimize),Shield+ (Valiant),Tenacity
234,Soga no Iruka,x,,x,DCT,Yore,Jollux,Normal,C4-3,Restoration (Lv. 1),Swiftness,Restoration (Lv. 2),Puncture (Stock +2),Verity (Lv.2),Agility+ (Sneak),Vigor (Reduce),Restoration (Lv. 3),Energy (Stock +2),Master Destroyer,Exploit (Leech),Majesty
235,Soga no Umako,x,,x,DCT,Yore,Umbrapod,Normal,"C4-1, C5-6, P5-7, S-14",Protection (Lv. 1),Devastation,Stamina (Lv. 2),Puncture (Stock +1),Verity (Lv.2),Shield (Stock +2),Barrier (Reduce),Evasion,Affliction (Lv. 3),DEF Master (Resist),Exploit (Accuracy),Charge
236,Soga Sukenari,x,x,x,DEF,Honor,Petros,Ex,"C12-3, P12-6, P12-10",Attack up (Lv.3),Knowledge (Lv.3),Ablution (Stock +2),Great Ambition,Ablution+ (Potency),Ablution (Time +3s),Breaker+ (Link),Attack up (Lv.4),Knowledge (Lv.4),DEF Master (Valiant),Majesty,Knowledge (Absorb)
237,Soga Tokimune,x,x,x,PLN,Honor,Anomalos,Ultimate,"C13-28, P13-21, P14-5, P15-20, P17-3",Swiftness,Chain,Ablution+ (Nimble),Restoration (Lv. 4),Ablution (Stock +3),Ablution+ (Extend),Evasion,Whirlwind,Breaker+ (Link),PLN Master (Extend),Protection of Heroes,Ablution+ (Wrath)
238,Sugawara no Michizane,x,,x,SPC,Grace,Bloodhunter,Ex,"C6-10, C6-13, P8-6, P9-16, P10-13",Swiftness,Heroes' Rally,Warp+ (Accuracy),Warp (Stock +10),Warp (Bonus),Energy (Stock +2),Vigor (Reduce),Application (Lv. 4),Expert Destroyer,Energy+ (Quicken),Surveyance,Wrath
239,Sugita Genpaku,x,x,x,HLG,Peace,Frostwing,Ultimate,P15-12,Recovery (Stock +3),Zeal+ (Amplify),Recovery+ (Range),Mitama Pulse,Protection of Heroes,Vitality (Stock +3),Vitality+ (Amplify),Vitality+ (Heal),Zeal (Stock +3),Vitality+ (Zone),Exuberance,Panacea (Stock +2)
240,Susano'o,x,,x,ATK,Yore,Jollux,Ex,P8-10,Carnage (Stock +1),Chain,Conviction,Verity (Lv.2),Dissection (Health),Carnage+ (Link),Verity (Lv.3),Carnage (Time +5s),Attack up (Lv.4),Carnage+ (Almighty),Stamina (Lv. 4),Might+ (Havoc)
241,Tachibana Muneshige,x,x,x,PLN,War,Phlogistor,Ultimate,"C13-21, C13-31, P13-14, P17-4",Protection (Lv. 4),Ablution+ (Rigid),Intensity (Amplify),Fortification,PLN Master (Amplify),DEF Master (Valiant),Intensity (Stock +1),Barrier (Stock +1),Taunt+ (Damage),Barrier+ (Link),Restart,Majesty
242,Taira no Atsumori,x,,x,SPT,Honor,Windshredder,Ex,"C8-5, P6-2, P6-10, P6-16, P9-17",Stealth (Lv. 1),Devotion,Affliction (Lv. 2),Stealth (Lv. 2),Puncture (Reduce),DCT Master (Wraith),Ebullience,Affliction (Lv. 3),Stupor (Stock +1),Pursuit+ (Surprise),Exploit (Wrath),Affliction (Lv. 4)
243,Taira no Kiyomori,x,,x,SPD,Honor,Windshredder,Normal,"C2-3, C2-7, C2-11, P2-4, P2-8",Application (Lv. 1),Swiftness,Fitness (Lv. 1),Energy+ (Swift),Restoration (Lv. 2),Energy (Stock +2),Vigor+ (Nimble),Agility (Stock +3),Expert Destroyer,SPD Master (Minimize),Energy+ (Quicken),Vigor+ (Wraith)
244,Taira no Masakado,x,,x,ATK,Grace,Harrowhalf,Normal,"C3-15, C4-12, P3-15, P4-4",Knowledge (Lv.2),Notice Destroyer,Stamina (Lv. 2),Eruption+ (Bolster),Pursuit+ (Track),Dissection (Health),Tranquility,Pursuit+ (Bolster),ATK Master (Amplify),Carnage+ (Martyr),Eruption+ (Accuracy),Knowledge (Leech)
245,Taira no Noritsune,x,,x,ATK,Honor,Blitzer,Normal,C2-3,Resillience,Fervor,Chain,Leech (Time +5s),Attack up (Lv.2),Leech+ (Amplify),Leech (Reduce),Attack up (Lv.3),Leech+ (Rigid),Leech (Stock +3),Leech+ (Purify),Exuberance
246,Taira no Sadamori,x,x,x,SPD,Grace,Harrowhalf,Ultimate,P14-3,Devotion,Affliction (Lv. 4),Devastation,Breakthrough,Energy (Stock +3),Vigor (Time +10s),Energy (Time +10s),Energy+ (Havoc),Agility+ (Quicken),SPD Master (Minimize),Vigor+ (Link),Energy+ (Exploit)
247,Taira no Tokuko,x,x,x,SUP,Honor,Windshredder,Normal,"C2-3, C2-7, C2-11, P2-4, P2-8",Renewal (Lv. 1),Swiftness,Chance,Sacrifice (Reduce),Agility+ (Sneak),Renewal (Lv. 2),Agility+ (Bonus),Recovery+ (Blessing),Diffusion+ (Swift),Vigor+ (Assist),Sacrifice (Time +10s),Majesty
248,Taira no Tomomori,x,x,x,DEF,Honor,Windshredder,Ultimate,"C13-9, C13-15, P13-2, P13-8",DEF Master (Resist),Charity,Restart,Escort Duty,Taunt (Stock +3),Shield (Stock +3),Taunt+ (Protect),Introspection,Taunt+ (Damage),Shield+ (Link),Barrier+ (Shred),Taunt+ (Assist)
249,Tajimamori,x,x,x,LCK,Yore,Panthera,Ex,"C12-2, C12-10, P11-6, P12-5",Chance,Relaxation,Diffusion+ (Hardy),Fortune+ (Amplify),Diffusion+ (Reflect),Fortune+ (Surprise),Diffusion (Stock +3),Fortune+ (Gambler),Altruism+ (Destroy),Random+ (SUP Style),Sacrifice+ (Link),Exploit (Wrath)
250,Takahashi Deishu,x,,x,DEF,Chaos,Razortalon,Normal,"C3-8, P3-5",Protection (Lv. 1),Persistence,Shield (Stock +1),Piety,Protection (Lv. 2),Random (Stock +2),Taunt (Stock +3),Protection (Lv. 3),Restart,Fortune+ (Sturdy),Fortification,Protection (Lv. 4)
251,Takasue's Daughter,x,x,x,SUP,Grace,Maledictaur,Ex,"C11-19, P11-11",Stealth (Lv. 2),Altruism (Time +10s),Puncture (Stock +2),Altruism+ (Accuracy),Altruism+ (Surprise),Affliction (Lv. 3),Altruism+ (Nimble),Puncture+ (Amplify),Exploit (Leech),DCT Master (Surprise),Sacrifice+ (Rally),Affliction (Lv. 4)
252,Takasugi Shinsaku,x,,x,SPD,Chaos,Umbrapod,Normal,"C4-5, S-13",Application (Lv. 1),Energy (Stock +1),Notice Destroyer,Determination,Wrath,Agility (Stock +2),Energy+ (Quicken),Vigor (Reduce),Application (Lv. 3),SPD Master (Minimize),Energy (Time +10s),Energy+ (Range)
253,Takechi Hanpeita,x,x,x,SUP,Chaos,Terragrinder,Ultimate,P14-2,Evasion,Conviction,Flying Blade,Wrath,Chance,Expert Destroyer,Swordsmanship,Charge,Sacrifice+ (Minimize),SUP Master (Amplify),Altruism (Time +10s),Majesty
254,Takeda Shingen,x,,x,DCT,War,Jollux,Normal,"C2-8, C2-13, P2-13, P3-2",Affliction (Lv. 1),Resillience,Chain,DCT Master (Assault),Puncture (Time +5s),ATK Master (Amplify),Leech (Stock +3),Illusion (TIme +10s),Affliction (Lv. 3),Stupor (Stock +1),Escort Duty,Protection of Heroes
255,Takenouchi no Sukune,x,,x,SPT,Yore,Windshredder,Normal,"C5-14, P5-7",Recuperation (Lv. 1),Lifesaver,Zeal+ (Accuracy),Pursuit (Stock +2),Verity (Lv.2),Zeal (Stock +2),Panacea (Reduce),Expert Destroyer,Pursuit+ (Accuracy),Knowledge (Lv.4),Zeal+ (Attributes),Knowledge (Absorb)
256,Tamamo-no-Mae,x,,x,HLG,Honor,Bloodhunter,Ex,"C6-16, C10-2, P8-14, P10-6, S-23",Recovery+ (Blessing),Chain,Zeal+ (Valor),Chance,Zeal+ (Wraith),Panacea (Reduce),Renewal (Lv. 2),Vitality+ (Zone),Panacea (Stock +1),Restart,HLG Master (Quicken),Panacea+ (Quicken)
257,Tanaka Hisashige,x,,x,DCT,Chaos,Shadow Soul,Normal,"C5-16, S-13",Affliction (Lv. 1),Chain,Restoration (Lv. 2),Puncture (Stock +1),Verity (Lv.2),Illusion (Stock +1),Illusion (Reduce),Illusion (Time +5s),Verity (Lv.3),Illusion+ (Sneak),Illusion+ (Sanctity),Illusion+ (Assist)
258,Tanuma Okitsugu,x,x,x,LCK,Peace,Aurogrinder,Ex,,Haku Collector,Ablution+ (Reduce),Ablution (Stock +3),Arms of Steel,Breaker+ (Link),Fortune+ (Gambler),Ablution+ (Extend),Random+ (Gamble),Intensity (Amplify),Random+ (PLN Style),Ablution+ (Quicken),Greed
259,Tenkai,x,,x,HLG,Peace,Viper Queen,Normal,"C5-10, P5-2",Chain,Renewal (Lv. 1),Fitness (Lv. 1),Vitality (Stock +2),Tolerance (Lv. 3),Paradox (Time +5s),Sanctum+ (Hardy),SPC Master (Quicken),Recuperation (Lv. 2),HLG Master (Quicken),Vitality+ (Zone),Tolerance (Lv. 4)
260,The Great Unifier,x,x,x,SUP,Grace,Chapter 12,-,,Notice Destroyer,Piety,Altruism+ (Amplify),Altruism (Stock +2),Lifesaver,Recuperation (Lv. 2),Sacrifice (Reduce),Altruism+ (Destroy),Diffusion+ (Destroy),Heroes' Rally,Protection of Heroes,Heroes' Guidance
261,Todo Heisuke,x,x,x,PLN,Chaos,Putrox,Ex,"C9-6, C12-8, P11-1, P12-9",Verity (Lv.2),Chain,Charge,Ablution+ (Potency),Verity (Lv.3),Vigor+ (Nimble),Breakthrough,Energy+ (Quicken),Verity (Lv.4),Energy+ (Havoc),PLN Master (Extend),Fervor
262,Tojiko no Iratsume,x,,x,SPT,Yore,Nightblade,Normal,"C5-17, P5-10, P5-16",Affliction (Lv. 2),Stealth (Lv. 2),Knowledge (Lv.2),Eruption+ (Sneak),Pursuit (Stock +3),Puncture (Stock +2),Stupor (Reduce),Illusion+ (Sanctity),Restoration (Lv. 3),Expert Destroyer,Pursuit+ (Surprise),Exploit (Leech)
263,Tokugawa Iemitsu,x,,x,SPC,Peace,Windshredder,Normal,C4-9,Piety,Dissection (Focus),Warp (Stock +5),Paradox (Stock +1),Paradox (Reduce),Stoutness,Fitness (Lv. 2),Paradox+ (Surprise),Tolerance (Lv. 3),Paradox+ (Bolster),Charity,Paradox+ (Assist)
264,Tokugawa Ieyasu,x,,x,DEF,Peace,Bladewing,Normal,"C4-16, C5-2, P4-10, P4-13",Taunt+ (Sturdy),Stamina (Lv. 2),Taunt (Reduce),Taunt (Stock +1),Protection (Lv. 3),Recovery (Stock +1),Taunt+ (Amity),Shield (Reduce),Stone Wall,DEF Master (Valiant),Majesty,Taunt+ (Protect)
265,Tokugawa Tsunayoshi,x,x,x,PLN,Peace,Bladewing,Ultimate,"P15-2, P15-7",Relaxation,Ablution+ (Reduce),Lure (Lv. 2),Expert Destroyer,Ablution+ (Quicken),Zeal (Time +10s),Ablution+ (Wrath),Zeal+ (Accuracy),Insight,Zeal+ (Wraith),Intensity (Range),Exuberance
266,Tokugawa Yoshimune,x,,x,ATK,Peace,Bladewing,Normal,"C4-16, C5-2, P4-10, P4-13",Attack up (Lv.1),Attack up (Lv.2),Stamina (Lv. 2),Leech (Stock +2),Might+ (Nimble),Verity (Lv.2),Leech+ (Quicken),Verity (Lv.3),Might+ (Sturdy),Attack up (Lv.4),Fitness (Lv. 2),Protection of Heroes
267,Tokugawa Yoshinobu,x,,x,DCT,Chaos,Umbrapod,Ex,"C7-6, P10-3",Perseverance,Swordsmanship,Evasion,Illusion (Stock +2),Verity (Lv.2),Stupor (Stock +1),Stupor (Reduce),Dissection (Focus),Verity (Lv.3),Stupor (Time +2s),Verity (Lv.4),Stupor+ (Destroy)
268,Toshusai Sharaku,x,,x,SPT,Peace,Umbrapod,Ex,P7-17,Protection of Heroes,Chain,Fountain (Reduce),Fountain (Stock +2),Fortune+ (Gambler),Fountain+ (Bolster),Fortune (Reduce),Master Destroyer,SPT Master (Devote),Fortune+ (Wraith),Knowledge (Leech),Majesty
269,Toyama Kinshiro,x,,x,ATK,Peace,Razortalon,Ex,C7-13,Lure (Lv. 2),Might (Stock +2),Chance,Fortune (Stock +2),Fitness (Lv. 2),Random (Reduce),Random+ (Cautious),Attack up (Lv.4),Protection of Heroes,Carnage+ (Almighty),Carnage (Reduce),Piety
270,Toyotomi Hideyori,x,x,x,LCK,War,Dreadhalf,Ultimate,"P14-10, P14-17",Recovery+ (Range),Charity,Random (Stock +3),Protection of Heroes,Restart,Restart,Barrier+ (Awe),Random+ (SUP Style),Sacrifice+ (Rally),Random+ (HLG Style),Panacea+ (Quicken),Fortune+ (Assist)
271,Toyotomi Hideyoshi,x,,x,SPD,War,Pyropteryx,Normal,"C4-4, P4-3",Application (Lv. 1),Ebullience,Notice Destroyer,Vigor (Stock +1),Application (Lv. 2),Vigor+ (Nimble),Vigor (Reduce),Agility (Stock +2),Agility+ (Dual),Vigor (Time +10s),Agility+ (Sneak),Vigor+ (Link)
272,Tsukuhara Bokuden,x,,x,DEF,War,Sickleclaws,Normal,"C2-9, P2-5",Extinguishment,Restoration (Lv. 1),Energy (Time +5s),Tranquility,Protection (Lv. 2),Expert Destroyer,Vigor (Reduce),Energy+ (Lure),Taunt (Stock +2),Taunt+ (Swift),Tempered Blade,Majesty
273,Tsukushi-no-Kimi Iwai,x,x,x,DEF,Yore,Sableblade,Ultimate,"P16-12, P16-15",Attack up (Lv.4),DEF Master (Lure),Desperation,Introspection,Taunt+ (Zone),Barrier (Stock +1),Insight,Barrier+ (Awe),Shield+ (Valiant),DEF Master (Valiant),Barrier+ (Wraith),Devotion
274,Tsukuyomi,x,,x,HLG,Yore,Terragrinder,Ex,"P9-10, P12-18",Recovery (Stock +1),Vitality+ (Amplify),Recovery+ (Amplify),Zeal (Time +10s),Shield+ (Valiant),Tranquility,Recovery (Stock +2),Shield+ (Range),Panacea (Stock +1),HLG Master (Quicken),Panacea+ (Quicken),Heroes' Rally
275,Tsutaya Oyoshi,x,x,x,SUP,Peace,Mynx,Ultimate,"C13-11, C13-27, P13-4, P13-20, P17-5, P17-10",Recuperation (Lv. 2),Recovery+ (Amplify),Altruism+ (Amplify),Lovestruck,Recovery+ (Blessing),Diffusion (Stock +3),Sacrifice+ (Minimize),Altruism+ (Nimble),Sacrifice+ (Leech),Sacrifice (Time +10s),SUP Master (Hardy),Recovery (Stock +3)
276,Uesugi Kenshin,x,,x,ATK,War,Jollux,Ex,"C6-3, P6-3, P6-17, P10-12",Notice Destroyer,Chain,Stone Wall,Leech (Stock +2),Prescience,Leech+ (Wraith),Leech (Reduce),Master Destroyer,Might+ (Nimble),Verity (Lv.4),Swordsmanship,Insight
277,Uesugi Yozan,x,x,x,SUP,Peace,Bladewing,Normal,"C4-16, C5-2, P4-10, P4-13",Fitness (Lv. 1),Diffusion (Time +5s),Prescience,Exigency,Diffusion (Stock +2),Desperation,Fitness (Lv. 2),Diffusion+ (Reflect),Wrath,Sacrifice+ (Spirit),Devotion,Tenacity
278,Unkei,x,,x,HLG,Honor,Frostwing,Ex,"C7-11, C7-16, P9-3, P10-15",Stamina (Lv. 3),Devastation,Conviction,Zeal (Stock +2),Might+ (Sturdy),Leech (Stock +3),Zeal+ (Ardor),Leech+ (Rigid),Recuperation (Lv. 2),Leech+ (Amplify),Vitality+ (Rigid),Verity (Lv.4)
279,Ura,x,x,x,PLN,Yore,Metagnost,Ex,"P12-21, P12-22",Attack up (Lv.2),Dissection (Health),Exigency,Attack up (Lv.3),PLN Master (Amplify),Intensity (Amplify),Earthshaker,Carnage+ (Almighty),Attack up (Lv.4),Leech+ (Havoc),Carnage+ (Martyr),Devotion
280,Urabe no Suetake,x,x,x,SPT,Grace,Bloodhunter,Ultimate,"C13-17, C13-25, P13-10, P13-18",Pursuit+ (Devour),Chain,Pursuit+ (Leech),Pursuit (Stock +3),Fountain (Stock +3),Conduction,Restart,Exuberance,Knowledge (Absorb),Eruption (Stock +1),Bound Souls,SPT Master (Purify)
281,Urashima Taro,x,,x,SPD,Yore,Chapter 4,-,,Lure (Lv. 1),Swordsmanship,Verity (Lv.2),Agility (Stock +2),Application (Lv. 2),Fortune (Stock +2),Random (Reduce),Verity (Lv.3),Protection of Heroes,Random+ (SPD Style),Agility+ (Bonus),Vigor+ (Link)
282,Usui no Sadamitsu,x,x,x,PLN,Grace,Thanatoceros,Ex,"C10-13, C11-4, C11-14, P11-15, P11-18, P12-14",Verity (Lv.2),Dissection (Focus),Prescience,Intensity (Time +5s),Charge,Might (Time +5s),Verity (Lv.3),Infusion,PLN Master (Amplify),Might+ (Havoc),Breaker+ (Amplify),Devastation
283,Watanabe no Tsuna,x,,x,ATK,Grace,Chapter 4,-,,Protection (Lv. 2),Attack up (Lv.2),Dissection (Health),Barrier (Reduce),Stamina (Lv. 2),Shield (Stock +2),Might (Stock +2),Attack up (Lv.3),Lure (Lv. 2),Shield+ (Link),Attack up (Lv.4),Heroes' Rally
284,Xu Fu,x,,x,HLG,Yore,Shadow Soul,Ex,P8-10,Stamina (Lv. 3),Protection of Heroes,Vitality (Time +5s),Vitality (Stock +2),Puncture+ (Absorb),Illusion (Stock +2),Puncture+ (Shoot),Puncture+ (Accuracy),Affliction (Lv. 3),Vitality+ (Rigid),Exuberance,Exploit (Leech)
285,Yagyu Jubei,x,,x,ATK,Peace,Bladewing,Ex,"C8-7, P7-17, P10-10",Charge,Swiftness,Stamina (Lv. 2),Energy+ (Accuracy),Might+ (Nimble),Affliction (Lv. 3),Energy (Reduce),Fitness (Lv. 2),Verity (Lv.3),Might (Time +10s),Tempered Blade,Restoration (Lv. 4)
286,Yagyu Munemori,x,,x,ATK,Peace,Frostwing,Ex,"C7-13, P7-13, S-21",Attack up (Lv.2),Verity (Lv.2),Application (Lv. 2),Wrath,Carnage (Reduce),Recovery+ (Amplify),Dissection (Focus),Carnage (Time +5s),Verity (Lv.4),Carnage+ (Martyr),Gouge Master,Recovery+ (Bonus)
287,Yamamoto Kakuma,x,x,x,PLN,Chaos,Hell's Warden,Normal,"C5-12, C5-15, P5-5, P5-8",Fitness (Lv. 1),Dissection (Health),Ablution+ (Potency),Ablution (Stock +2),Fitness (Lv. 2),SPT Master (Devote),Breaker (Time +10s),Reload +2,Breaker+ (Amplify),Eruption+ (Destroy),Knowledge (Leech),Majesty
288,Yamamoto Kansuke,x,,x,SPC,War,Edax,Normal,C5-5,Warp+ (Flight),Chain,Piety,Warp (Stock +10),Fitness (Lv. 2),Zeal (Stock +2),Panacea (Reduce),Tolerance (Lv. 3),Leech+ (Quicken),HLG Master (Quicken),Fortification,Restart
289,Yamana Sozen,x,x,x,DEF,Honor,Phytodior,Ex,"C8-6, C10-2, P11-4",Expert Destroyer,Wrath,Swordsmanship,Perseverance,Muscle-bound,Intensity (Time +10s),PLN Master (Amplify),Barrier+ (Wraith),Intensity (Amplify),Barrier+ (Shred),Barrier+ (Brawn),Master Destroyer
290,Yamanami Keisuke,x,x,x,SUP,Chaos,Putrox,Ultimate,"P14-12, P15-19, P17-6",Swiftness,Might+ (Rage),Whirlwind,Might+ (Nimble),Energy+ (Accuracy),Altruism+ (Accuracy),Energy (Time +10s),Altruism+ (Qinggong),Might+ (Range),Heroes' Rally,Altruism+ (Nimble),Fervor
291,Yamanoue no Okura,x,,x,DCT,Grace,Harrowhalf,Normal,"C3-15, C4-12, P3-15, P4-4",Warmth,Persistence,Stamina (Lv. 2),Puncture (Stock +2),Eruption+ (Sneak),Vitality (Reduce),Pursuit+ (Surprise),Verity (Lv.3),Fountain+ (Surprise),Zeal (Time +10s),Fountain+ (Exploit),Heroes' Rally
292,Yamaoka Tesshu,x,,x,ATK,Chaos,Cimmerian King,Ex,P9-12,Determination,Persistence,Application (Lv. 2),Might (Time +5s),Energy+ (Bonus),Zeal (Time +10s),Fervor,Application (Lv. 3),Puncture+ (Absorb),Zeal+ (Rage),Gouge Master,Dissection (Focus)
293,Yamato Takeru,x,,x,ATK,Yore,Bloodhunter,Ex,"C7-17, S-17",Conviction,Taunt+ (Damage),Attack up (Lv.2),Verity (Lv.2),Leech (Stock +1),Might (Stock +2),Restoration (Lv. 2),Fervor,Attack up (Lv.4),ATK Master (Amplify),Wrath,Carnage+ (Destroy)
294,Yaobikuni,x,x,x,HLG,Honor,Aurogrinder,Ex,,Affliction (Lv. 3),Zeal (Time +10s),Abyss,Zeal+ (Accuracy),Breaker+ (Havok),Affliction (Lv. 4),Zeal+ (Ardor),Ablution+ (Nimble),Ablution+ (Restore),HLG Master (Rally),Intensity (Stock +1),Exploit (Rage)
295,Yaoya Oshichi,x,x,x,PLN,Peace,Mynx,Ex,"C8-2, C8-8",Extinguishment,Knowledge (Lv.2),Devotion,Ablution+ (Quicken),Ablution (Stock +2),Knowledge (Lv.3),Breaker+ (Link),Exuberance,Knowledge (Lv.4),PLN Master (Amplify),Breaker+ (Amplify),Knowledge (Leech)
296,Yoshida Kenko,x,,x,SPC,Honor,Harrowhalf,Ex,"C6-6, C6-14, C7-16, P6-7, P6-12",Piety,Evasion,Swiftness,Puncture+ (Shoot),DCT Master (Sneak),Puncture (Stock +2),Puncture+ (Amplify),Warp+ (Reverse),Warp (Stock +15),Paradox+ (Surprise),Warp+ (Assembly),Lowered Immunity
297,Yoshida Shoin,x,,x,DCT,Chaos,Pyrogrinder,Normal,"C5-16, P5-9",Stealth (Lv. 1),Zeal (Reduce),Swordsmanship,Illusion (Stock +1),Verity (Lv.2),Vitality (Stock +2),Illusion (TIme +10s),Affliction (Lv. 3),Conviction,Vitality (Stock +3),Illusion+ (Surprise),Restart
298,Yoshino Dayu,x,,x,DCT,Peace,Pale Imp,Normal,C3-5,Affliction (Lv. 1),Antidote,Lifesaver,Leech+ (Amplify),Restoration (Lv. 2),Zeal (Stock +2),Vitality+ (Heal),Zeal+ (Amplify),Vitality (Stock +3),Panacea (Reduce),Vitality+ (Assist),Bound Souls
299,Yui Shosetsu,x,,x,DEF,Peace,Astrapteryx,Normal,"C5-8, S-16",Attack up (Lv.1),Tenacity,Stamina (Lv. 2),Shield (Stock +2),Protection (Lv. 2),Taunt (Time +10s),Leech (Reduce),Protection (Lv. 3),Attack up (Lv.3),Leech+ (Rigid),Protection (Lv. 4),Attack up (Lv.4)
300,Zeami,x,,x,SPT,Honor,Edax,Ex,"C6-12, C12-3, P8-14, P10-15, P12-6",Tolerance (Lv. 2),SPT Master (Rigid),Knowledge (Lv.2),Pursuit (Stock +2),Pursuit+ (Leech),Tranquility,Shield (Reduce),Taunt (Time +10s),Tolerance (Lv. 3),Barrier+ (Awe),Protection of Heroes,Restart